Freshness_Level,MQ2_mean,MQ2_std,MQ2_slope,MQ3_mean,MQ3_std,MQ3_slope,MQ9_mean,MQ9_std,MQ9_slope,MQ135_mean,MQ135_std,MQ135_slope,MQ136_mean,MQ136_std,MQ136_slope,MQ138_mean,MQ138_std,MQ138_slope,Temperature_mean,Temperature_std,Temperature_slope,Humidity_mean,Humidity_std,Humidity_slope,MQ3_over_MQ2_end,MQ136_over_MQ138_end
Pure Fresh,2.209475,0.069300988,0.018415035,25.1707,1.551926057,0.445083916,0.307633333,0.011214822,0.001123077,0.0074,0.000376386,4.41E-05,4.530933333,0.062540738,-0.006044755,4.408341667,0.087287489,0.022143007,25.45833333,0.368461516,-0.105244755,73.16666667,0.799305254,-0.20979021,11.9193101,1.001912519
Pure Fresh,2.257075,0.054532653,0.006423427,26.93795833,1.493323003,0.430620629,0.307816667,0.005287853,-0.000983217,0.007258333,0.000469855,-4.93E-05,4.531041667,0.068032804,0.002396853,4.486975,0.102272733,0.017303846,25.1,0.291547595,-0.081818182,72.33333333,0.849836586,-0.20979021,12.63430656,0.986392954
Pure Fresh,2.257641667,0.069339232,-0.004715035,28.1225,1.082881023,0.229393007,0.299966667,0.010331451,-0.002748252,0.006983333,0.000588548,-0.000134266,4.467666667,0.132600901,-0.01863986,4.449141667,0.176332326,-0.020406643,24.81666667,0.203442594,-0.057342657,73.58333333,3.35306659,0.513986014,13.04829505,1.026841735
Pure Fresh,2.216016667,0.08492627,-0.014403497,28.5296,0.70351484,-0.066544755,0.289575,0.010873755,-0.003012937,0.006608333,0.000368462,-5.21E-05,4.36085,0.184275249,-0.04346014,4.290266667,0.269688266,-0.063983916,24.54166667,0.253174292,-0.070979021,73.66666667,3.448026811,0.06993007,13.16608165,1.045567835
Pure Fresh,2.198366667,0.062167936,-0.004662238,28.68976667,0.672331937,0.018791608,0.2827,0.003966317,-0.000567832,0.006491667,0.000111492,1.64E-05,4.226733333,0.132816881,-0.029765734,4.097583333,0.207314081,-0.047851049,24.275,0.261804635,-0.073776224,73.5,3.547299442,-0.713286713,13.22579035,1.04111203
Pure Fresh,2.150966667,0.057889943,-0.007031469,28.5996,0.527676266,0.051965035,0.277891667,0.004645151,-0.000790559,0.006541667,0.000103749,1.08E-05,4.140916667,0.055129935,-0.011252448,3.9616,0.066389821,-0.012545455,24.025,0.173805447,-0.047902098,71.25,1.361677887,-0.283216783,13.82951922,1.05073414
Pure Fresh,2.123158333,0.077046484,-0.017317832,28.77994167,0.392174764,-0.053046503,0.276508333,0.004805285,-0.00096049,0.00665,0.000160728,3.71E-05,4.064533333,0.109254102,-0.024492308,3.878833333,0.116006209,-0.02685035,24.1,0.5,0.069230769,70.25,0.829156198,-0.185314685,13.58651495,1.057678502
Pure Fresh,2.101841667,0.054722291,0.006659091,28.62739167,0.306959638,0.016661888,0.275366667,0.003255337,0.000813986,0.006841667,0.000259674,7.03E-05,3.962683333,0.133783543,-0.032334965,3.753733333,0.154737161,-0.039588112,25.19166667,1.587166413,0.420629371,70.16666667,2.229848027,-0.048951049,13.16594757,1.066374625
Pure Fresh,2.131258333,0.063659988,0.013504545,28.68245,0.381236118,-0.001011888,0.275741667,0.003345758,-0.000193357,0.007083333,0.000237463,6.15E-05,3.8711,0.107220699,-0.017477622,3.6481,0.120568535,-0.022114685,26.7,1.740210715,0.482517483,71.83333333,4.355711448,0.685314685,13.16557155,1.075228537
Pure Fresh,2.148675,0.035038054,-0.004243007,28.27391667,0.684277463,-0.157704196,0.271525,0.007835084,-0.002137413,0.007275,0.000163936,3.81E-05,3.827408333,0.056381579,-0.001461888,3.583816667,0.056841077,-0.002659441,28.16666667,0.74311656,0.201398601,74.08333333,4.59090284,0.758741259,12.93257475,1.066888406
Pure Fresh,2.122891667,0.051791464,-0.01268986,27.51034167,1.025399596,-0.27349965,0.2658,0.006195428,-0.001365035,0.007333333,8.50E-05,2.80E-06,3.761666667,0.109652636,-0.024009091,3.508066667,0.12590126,-0.029722378,28.81666667,0.367045259,0.105594406,79.91666667,7.239455934,1.758741259,12.6010518,1.091002363
Pure Fresh,2.0613,0.05911345,-0.014795105,26.3811,0.987720295,-0.265316783,0.264425,0.004413639,0.00085979,0.007433333,0.000143372,2.52E-05,3.687633333,0.119105229,-0.029882517,3.414725,0.12838972,-0.032105944,29.16666667,0.256038192,0.072727273,83.91666667,6.369959881,1.36013986,12.55334594,1.082015357
Pure Fresh,2.014075,0.054420632,-0.01191993,25.419425,0.908287334,-0.231645105,0.269908333,0.007299824,0.001962587,0.007625,0.000331976,7.94E-05,3.615841667,0.065972247,-0.00756049,3.33915,0.068348671,-0.006232867,29.425,0.183143841,0.052097902,86.66666667,3.34995854,-0.405594406,12.38855542,1.077111383
Pure Fresh,1.987891667,0.030723239,-0.000824126,24.792625,0.546883966,-0.108031119,0.276275,0.006594837,0.001614336,0.007941667,0.000427119,9.13E-05,3.601166667,0.047207456,-0.002733566,3.328508333,0.045135656,-0.000173776,29.65,0.21015867,0.06013986,85.25,2.046338193,-0.423076923,12.23251589,1.08592927
Pure Fresh,1.984066667,0.016534173,0.001640559,24.37431667,0.279460062,-0.056287413,0.28325,0.006431757,0.001552448,0.008366667,0.000502217,0.000113287,3.600858333,0.010938194,-0.000798252,3.344066667,0.017126312,0.003198601,29.86666667,0.2013841,0.057342657,84.41666667,0.759202798,0.003496503,12.02431549,1.068472379
Pure Fresh,2.005258333,0.02534362,0.004964685,24.184475,0.297728403,-0.077861888,0.290716667,0.008729054,0.002456643,0.00865,0.000409268,7.90E-05,3.6057,0.023407833,0.003928671,3.365866667,0.034117477,0.009332168,30.09166667,0.180084857,0.051398601,84.75,0.721687836,0.192307692,11.61107863,1.059426707
Pure Fresh,2.02985,0.037725378,0.010259441,23.95230833,0.184929691,-0.030631119,0.300208333,0.008846417,0.002312238,0.008883333,0.000114261,7.69E-06,3.63345,0.039307855,0.009274825,3.421775,0.060039253,0.01673042,30.23333333,0.131233465,0.033566434,85.75,1.010362971,0.276223776,11.50692307,1.04174804
Pure Fresh,1.99825,0.088451913,-0.017790909,23.62830833,0.437913234,-0.106703147,0.2792,0.038842266,-0.008718182,0.008908333,0.000103749,1.50E-05,3.580341667,0.114975711,-0.021945105,3.336258333,0.193039709,-0.036913636,30.425,0.187638837,0.045804196,87,1.414213562,0.356643357,12.61777213,1.15029102
Pure Fresh,1.910841667,0.127705413,-0.034908042,23.12333333,0.617136074,-0.168213287,0.248208333,0.045851144,-0.011880769,0.008916667,7.99E-05,-1.54E-05,3.455916667,0.183468216,-0.049448252,3.111533333,0.327882053,-0.089834266,30.6,0.227303028,0.060839161,88.91666667,2.139249609,0.451048951,12.51639947,1.1921685
Pure Fresh,1.862483333,0.081604471,0.003213986,22.97411667,0.49428732,0.026283217,0.2284,0.022959929,0.002677622,0.008883333,8.98E-05,-1.68E-05,3.370375,0.105243552,-0.002905245,2.937691667,0.190633993,-0.01693951,30.79166667,0.1381927,0.031818182,90,1.732050808,0.195804196,11.77045818,1.122342816
Pure Fresh,1.923125,0.126691825,0.035578671,23.50989167,1.023190169,0.26835979,0.258075,0.047182273,0.01342972,0.008816667,9.86E-05,-1.61E-05,3.438208333,0.17149543,0.048942308,3.024066667,0.276071737,0.077716783,30.91666667,0.09860133,0.025174825,91,1.354006401,0.013986014,11.90246216,1.06289612
Pure Fresh,2.046125,0.099842802,0.027975175,24.275025,0.755994018,0.172853497,0.317675,0.058762476,0.01701014,0.008741667,0.000118732,-2.90E-05,3.650316667,0.200662066,0.057872028,3.37175,0.342246706,0.098953147,31,0.091287093,0.021678322,90.91666667,0.862006703,0.101398601,11.28757781,1.017053311
Pure Fresh,2.138258333,0.059944314,0.015603147,24.44876667,0.760317392,-0.105388811,0.366008333,0.053826379,0.008666084,0.008675,8.29E-05,-1.36E-05,3.868341667,0.189015826,0.054456993,3.74315,0.314857255,0.090867832,31.09166667,0.09537936,0.021328671,91.16666667,0.687184271,-0.076923077,10.55499884,0.984419631
Pure Fresh,2.138191667,0.058388319,-0.008489161,23.74595833,1.068221544,-0.271690559,0.362441667,0.056197204,-0.009677273,0.008508333,0.000239647,-5.00E-05,4.042066667,0.13163002,0.035445455,4.03945,0.217355601,0.059986014,31.01666667,0.177169097,-0.025874126,90.83333333,0.552770798,-0.055944056,10.90007794,0.979634635
Pure Fresh,2.115525,0.065386952,-0.013995455,23.48323333,0.988313783,0.00218042,0.342683333,0.053570512,-0.008652448,0.008225,0.000389711,-0.000103846,4.148283333,0.073306569,0.016963636,4.223033333,0.117729551,0.029874825,31.03333333,0.2013841,0.004195804,90.91666667,0.640095479,0.031468531,11.74970349,0.970860836
Pure Fresh,2.091158333,0.033742788,0.006707343,23.664925,0.960515791,0.230486364,0.322166667,0.013541438,0.003585315,0.008016667,0.000247768,-2.94E-05,4.170375,0.04523067,-0.002970979,4.287275,0.046073169,0.003282867,31.09166667,0.249861073,0.067482517,91.08333333,0.759202798,0.15034965,11.30172089,0.964613677
Pure Fresh,2.103683333,0.037829901,0.004241958,24.19225833,0.609566177,0.035027622,0.328875,0.00589281,-8.78E-05,0.007983333,0.000167498,4.62E-05,4.111175,0.098940202,-0.025756993,4.232041667,0.113869636,-0.028154895,31.25833333,0.1381927,0.024125874,91.58333333,0.640095479,0.108391608,11.30172089,0.979110979
Pure Fresh,2.12,0.031560339,0.000256643,24.98368333,1.068239003,0.212406294,0.337216667,0.016222353,0.002565035,0.008033333,0.000149071,-1.33E-05,4.059583333,0.079531606,-0.010655944,4.1578,0.104944303,-0.021029371,31.325,0.092421138,0.001048951,91.91666667,0.640095479,0.094405594,12.42602644,0.98542092
Pure Fresh,2.153541667,0.062217086,0.014136014,25.88005833,1.33215265,0.341837413,0.362816667,0.038008877,0.010408392,0.008008333,0.000160511,-2.34E-05,4.077925,0.098496025,0.023363986,4.156233333,0.102500515,0.020598601,31.425,0.183143841,0.045804196,92,0.577350269,-0.034965035,12.1982639,0.98415795
Pure Fresh,2.181466667,0.04839317,0.008604196,25.73065,1.567934656,-0.29123007,0.375933333,0.028677789,0.002188811,0.007958333,0.000118732,5.24E-06,4.1022,0.074113393,0.003006294,4.18705,0.080497521,0.010713287,31.5,0.173205081,0.023776224,92,0.707106781,-0.013986014,10.68275862,0.96931723
Pure Fresh,2.200716667,0.026322482,-0.00459021,24.790825,1.730613769,-0.418623427,0.3774,0.024988464,-0.005881818,0.007991667,6.40E-05,1.15E-05,4.072475,0.100518697,-0.026620629,4.173908333,0.094050283,-0.024342308,31.45833333,0.217785572,-0.056293706,92.58333333,1.320248293,0.304195804,10.85929739,0.974700007
Pure Fresh,2.1923,0.015207783,0.000867832,23.73896667,0.517631952,0.013425175,0.358708333,0.006736277,-0.001495455,0.008025,4.33E-05,7.34E-06,4.006041667,0.054591719,-0.008575874,4.10355,0.066904914,-0.013896503,31.30833333,0.184654332,-0.043706294,93.66666667,1.433720878,0.384615385,10.90554517,0.9793448
Pure Fresh,2.187358333,0.015736977,-0.000523427,23.68341667,0.261935418,0.008916783,0.362383333,0.011415182,0.0023,0.008025,4.33E-05,-1.05E-06,3.959083333,0.051330528,-0.006346853,4.031041667,0.06509678,-0.013101049,31.11666667,0.15184056,-0.034965035,94.66666667,0.745355992,0.13986014,10.81908045,0.992779229
Pure Fresh,2.19815,0.020879635,0.001754545,23.7836,0.220549212,-0.016386713,0.3697,0.013,0.002606993,0.008041667,4.93E-05,4.55E-06,3.963083333,0.051595992,-0.003197203,4.002491667,0.064302585,-0.010491259,30.99166667,0.184654332,-0.041608392,94.91666667,0.276385399,-0.024475524,10.70938297,0.995277391
Pure Fresh,2.215025,0.034635871,0.009640909,23.75793333,0.179824295,0.043311888,0.375483333,0.007239916,-0.000404895,0.008058333,4.93E-05,1.22E-05,3.996183333,0.096724745,0.022653147,4.0162,0.099608082,0.019732867,31,0.212132034,0.034265734,94.75,0.433012702,-0.045454545,10.47139718,0.992975521
Pure Fresh,2.217641667,0.038979812,-0.003238112,23.4991,0.572482029,-0.123318881,0.367941667,0.013117384,-0.003387063,0.008058333,4.93E-05,-7.34E-06,4.037916667,0.088441599,0.009714685,4.039175,0.101897548,0.008133916,31.23333333,0.359010987,0.101398601,94.5,0.866025404,-0.076923077,10.42319647,1.008694765
Pure Fresh,2.193883333,0.051854039,-0.012567832,23.06,0.660488302,-0.168538462,0.352191667,0.017991038,-0.005022028,0.00805,5.00E-05,-5.59E-06,4.043233333,0.083239157,-0.010751748,4.037725,0.101318928,-0.013845804,31.55833333,0.262863505,0.06958042,93.33333333,1.699673171,-0.377622378,10.51083275,1.003380393
Pure Fresh,2.157441667,0.030888468,-0.005650699,22.61091667,0.28437773,-0.035878322,0.335116667,0.015503055,-0.00403007,0.008025,4.33E-05,3.15E-06,4.012791667,0.055275016,-0.005445105,3.996833333,0.065454569,-0.00711958,31.775,0.108972474,0.027622378,92.75,1.479019946,-0.192307692,10.46982618,1.007456751
Pure Fresh,2.150766667,0.015020615,0.002843357,22.483475,0.147858469,-0.013745804,0.330583333,0.00987951,0.001128671,0.008025,4.33E-05,-5.24E-06,4.036,0.062975524,0.016117483,4.018241667,0.068558885,0.015902448,31.85833333,0.049300665,0.011538462,93,1.58113883,0.426573427,10.24052544,1.002034933
Pure Fresh,2.17885,0.043615011,0.01025035,22.61135,0.309699767,0.035688811,0.329916667,0.01142569,0.000973427,0.008008333,2.76E-05,-2.45E-06,4.124016667,0.109822424,0.029729371,4.103383333,0.113020675,0.028865734,31.89166667,0.02763854,0.003146853,94.25,1.089724736,0.248251748,10.30918609,1.013453662
Pure Fresh,2.175716667,0.048245221,-0.001854545,22.34961667,0.510450863,-0.062353147,0.332391667,0.010906302,-0.001112238,0.008,1.73E-18,-8.09E-20,4.144483333,0.091092012,-0.003036364,4.10925,0.112492077,-0.006967133,31.9,7.11E-15,7.23E-16,94.91666667,0.276385399,-0.024475524,10.11655172,1.006572839
Pure Fresh,2.183133333,0.049505611,-0.002421678,22.18805,0.545451179,-0.092404895,0.337191667,0.0151666,0.002797552,0.007983333,5.53E-05,-3.50E-06,4.154341667,0.091612676,-0.008961888,4.119608333,0.114087842,-0.007332517,31.9,7.11E-15,7.23E-16,94.91666667,0.276385399,0.003496503,9.98026942,1.005885616
Pure Fresh,2.169683333,0.034676765,0.007898601,21.82948333,0.150268969,0.012954545,0.345008333,0.01395991,0.003205944,0.007983333,5.53E-05,2.10E-06,4.129783333,0.05913335,0.014772028,4.095225,0.085133524,0.020058392,31.925,0.04330127,0.007342657,94.91666667,0.276385399,0.031468531,9.942725653,1.010223116
Pure Fresh,2.183316667,0.020780353,-0.000436364,21.79186667,0.162553049,-0.019655245,0.3493,0.008711295,-0.001558042,0.007983333,5.53E-05,7.69E-06,4.147808333,0.046092054,-0.003281469,4.129791667,0.052680079,-0.003267483,31.96666667,0.062360956,0.012587413,94.83333333,0.372677996,-0.06993007,10.0327816,1.002932696
Pure Fresh,2.165466667,0.027182082,-0.006037063,21.70125833,0.112365998,-0.014495455,0.335991667,0.016988156,-0.004554895,0.008133333,0.000235702,5.03E-05,4.106366667,0.074560315,-0.01930979,4.072241667,0.09663691,-0.024302448,32.025,0.059511904,0.010839161,94.5,0.5,-0.125874126,10.17538085,1.01175707
Pure Fresh,2.145266667,0.023775139,-0.006100699,21.63379167,0.093028772,-0.009694056,0.325816667,0.012199784,-0.002393706,0.008316667,0.000276385,6.64E-05,4.048316667,0.066465691,-0.015685315,3.997533333,0.092916103,-0.022404196,32.075,0.059511904,0.012937063,94.41666667,0.493006649,0.003496503,10.13677797,1.01277442
Pure Fresh,2.120541667,0.016558606,-0.004107343,21.58158333,0.091855437,-0.017504895,0.317966667,0.004141122,0.000334965,0.0085,0.000173205,1.96E-05,3.999041667,0.037110768,-0.006352797,3.937441667,0.038880125,-0.003831119,32.13333333,0.062360956,0.016083916,94.25,0.433012702,-0.01048951,10.22420418,1.012567917
Pure Fresh,2.120533333,0.015610324,0.000732867,21.58158333,0.091855437,0.002484615,0.321483333,0.00364665,0.000318182,0.008491667,0.000149768,-2.62E-05,4.001716667,0.034955229,0.001454545,3.942933333,0.033451192,0.003892308,32.175,0.04330127,0.009440559,94.25,0.433012702,-0.094405594,10.13334587,1.012363158
Pure Fresh,2.111883333,0.016595021,0.000230769,21.55925833,0.092558778,0.005933916,0.319191667,0.004444371,-0.000259091,0.008408333,0.000170579,-3.18E-05,3.988258333,0.03426761,-0.001681469,3.940108333,0.029267002,-0.000982168,32.20833333,0.02763854,0.003846154,94,0,-7.86E-16,10.26661606,1.008885133
Pure Fresh,2.12055,0.017437292,-0.000727273,21.725575,0.277275588,0.052005245,0.323616667,0.010867063,0.001062238,0.008375,0.000147902,7.34E-06,3.962175,0.074549325,-0.018190559,3.9183,0.056725744,-0.01436993,32.11666667,0.338706691,-0.041958042,93.83333333,0.552770798,-0.062937063,10.65857014,0.997777138
Pure Fresh,2.124733333,0.032692107,0.00647972,22.38511667,0.998435039,0.26686014,0.3395,0.026124701,0.007055944,0.008408333,0.000138193,2.62E-05,3.909083333,0.06358481,-0.013233566,3.905725,0.046862069,1.22E-05,31,1.596871942,-0.406993007,94.08333333,0.759202798,0.087412587,11.09317902,0.984410704
Pure Fresh,2.1686,0.054084548,0.012700699,23.421,1.182921868,0.318362238,0.36355,0.026062057,0.007113986,0.008491667,0.000111492,1.78E-05,3.9078,0.064767662,0.005741958,3.941066667,0.082592426,0.018223077,30.29166667,1.381700844,-0.218531469,93.83333333,1.67497927,-0.083916084,10.94897264,0.987716527
Pure Fresh,2.19705,0.04581931,0.008406294,24.07229167,0.611739499,0.051961189,0.380258333,0.00830115,0.001114336,0.008541667,0.000103749,1.99E-05,3.942016667,0.063212127,0.014483217,4.018575,0.082754981,0.018950699,30.00833333,1.025880381,0.25,91.08333333,4.517712056,-1.108391608,10.8070619,0.970293416
Pure Fresh,2.209008333,0.023667645,-0.00598986,24.12650833,0.411274994,-0.102936014,0.373883333,0.015768155,-0.004186014,0.008583333,5.53E-05,7.69E-06,3.974891667,0.037702508,0.001087063,4.064025,0.057761494,0.005607343,30.81666667,0.599768474,0.151048951,88,4.143267632,-0.909090909,10.90850421,0.97493654
Pure Fresh,2.187416667,0.020233587,-0.005288112,23.82491667,0.133398875,-0.030751748,0.357091667,0.018803212,-0.005271678,0.008616667,3.73E-05,6.99E-06,3.980266667,0.039245623,-0.002915385,4.069683333,0.049994164,-0.005629371,31.25833333,0.165621724,0.043706294,86.58333333,2.099933861,0.423076923,10.91695662,0.983988318
Pure Fresh,2.152958333,0.045217925,-0.010274476,23.91199167,0.336296998,0.057480769,0.3297,0.026195419,-0.00701958,0.008625,8.29E-05,1.05E-06,3.943733333,0.080396884,-0.012998601,4.00565,0.119976814,-0.024484615,31.46666667,0.188561808,0.051048951,88.83333333,3.131382371,0.776223776,12.12085913,1.015881708
Pure Fresh,2.0784,0.096076627,-0.026485315,23.475575,0.823683878,-0.145764685,0.296933333,0.036088002,-0.010173427,0.00865,8.66E-05,2.10E-06,3.775325,0.243077097,-0.064747902,3.760125,0.334552644,-0.090063287,31.65833333,0.197730175,0.054195804,91.25,2.419538523,0.493006993,11.54278549,1.066325705
Pure Fresh,1.9797,0.105514801,-0.029708392,22.741475,1.175689684,-0.305806643,0.261291667,0.031288269,-0.008724126,0.008666667,8.50E-05,6.29E-06,3.5731,0.242655387,-0.064402797,3.470983333,0.337168321,-0.090491608,31.90833333,0.213924961,0.05979021,91.58333333,2.099933861,-0.136363636,11.50501205,1.06149295
Pure Fresh,1.892666667,0.054125076,-0.014470629,21.74175833,0.621424767,-0.164961888,0.235383333,0.015806688,-0.004325874,0.008666667,4.71E-05,-4.20E-06,3.397575,0.085869185,-0.014665385,3.21305,0.133285136,-0.028581119,32.10833333,0.205986785,0.056293706,91.33333333,1.545603083,-0.104895105,11.41892557,1.082754044
Pure Fresh,1.852366667,0.019585468,-0.00477972,21.43483333,0.25056166,-0.01423007,0.2246,0.005071982,-0.000960839,0.008625,8.29E-05,-1.57E-05,3.385775,0.058484644,0.005278671,3.1411,0.058641538,-0.008865734,32.175,0.142156018,-0.015734266,91.75,1.785357107,0.486013986,11.65494301,1.105068309
Pure Fresh,1.853083333,0.023402024,0.003062238,21.51760833,0.332321407,0.058477273,0.22495,0.005103512,0.001214685,0.008608333,7.59E-05,5.24E-06,3.419675,0.07223177,0.011921329,3.126458333,0.061853475,-0.000568881,32.08333333,0.190758719,-0.047552448,93.33333333,1.649915823,0.433566434,11.64087093,1.104470035
Pure Fresh,1.8664,0.026228451,0.006513287,21.74028333,0.253905156,0.045762238,0.229808333,0.005662664,0.001591259,0.008625,8.29E-05,1.50E-05,3.453208333,0.050724459,0.002650699,3.127358333,0.055345799,-2.34E-05,31.94166667,0.118731724,-0.022727273,94.16666667,0.687184271,-0.020979021,11.59421435,1.109080984
Pure Fresh,1.883025,0.01731267,0.002461189,21.85270833,0.203494011,0.022568881,0.23375,0.002148061,0.000386713,0.008658333,4.93E-05,-1.05E-06,3.456383333,0.032455786,-0.00328951,3.128116667,0.038765337,-0.000732867,31.90833333,0.049300665,0.008041958,94,0.707106781,-0.160839161,11.54916028,1.100178378
Pure Fresh,1.895925,0.020817265,0.003721329,22.11006667,0.746680463,0.105113986,0.240133333,0.013148278,0.002195105,0.00865,5.00E-05,-9.09E-06,3.469016667,0.039587747,0.006244056,3.175991667,0.093892185,0.019246503,31.925,0.059511904,0.010839161,93.5,0.5,-0.076923077,12.55334594,1.038697788
Pure Fresh,1.977291667,0.122511003,0.030675874,22.76821667,1.228381659,0.231083916,0.3011,0.088299358,0.022323077,0.008625,4.33E-05,-8.04E-06,3.643925,0.268406284,0.067547203,3.488666667,0.453206041,0.117573427,32.10833333,0.253174292,0.06048951,92.33333333,1.649915823,-0.405594406,10.8070619,0.952398783
Pure Fresh,2.103316667,0.155867181,0.043616084,22.8832,1.157314052,-0.017176224,0.373991667,0.09350848,0.024780769,0.008608333,2.76E-05,-3.85E-06,3.942016667,0.356560544,0.099313287,4.004283333,0.599372933,0.169270629,32.18333333,0.240947205,0.026573427,91.66666667,1.433720878,-0.20979021,9.826022301,0.921531241
Pure Fresh,2.2613,0.128968575,0.034152448,22.813925,1.182601021,-0.148568881,0.422891667,0.046190754,0.000676573,0.008083333,0.000738053,-0.000169231,4.590708333,0.65623747,0.165145105,4.846458333,0.754908101,0.201082867,31.71666667,1.058956509,-0.241958042,88.66666667,3.324989557,-0.72027972,9.562044091,0.927712927
Pure Fresh,2.353783333,0.08675252,0.01917972,22.53195,0.785090062,0.128137762,0.446266667,0.048396235,0.006262238,0.007725,0.000660965,-0.000112238,5.2109,0.674435596,0.172527972,5.663075,0.800325287,0.21602972,30.325,1.740270573,-0.484265734,84,6.31136541,-1.741258741,9.557531505,0.88747177
Pure Fresh,2.4465,0.092324013,0.02097972,23.184675,1.047081739,0.250138112,0.479316667,0.071200677,0.01993986,0.0075,0.000387298,0.00010979,5.882183333,0.418474842,0.101958042,6.520875,0.636078471,0.169483566,28.675,1.546568783,-0.422027972,78.66666667,4.089281382,-1.027972028,9.509042115,0.868374122
Good,2.5228,0.090408831,0.024697203,23.97545833,0.757780461,0.205415734,0.5572,0.06067266,0.017495105,0.008191667,0.000725096,0.000197552,6.203366667,0.290725886,0.073532168,7.049716667,0.431766648,0.111523776,27.275,0.813557005,-0.234615385,75.5,0.957427108,-0.195804196,9.437233195,0.865382809
Good,2.598933333,0.046905389,0.012586014,24.675225,0.448743856,0.124552098,0.602458333,0.038513579,0.009114336,0.008691667,0.000595061,0.000138112,6.421733333,0.079926032,0.01879021,7.367875,0.113843139,0.030526923,26.45,0.634428877,-0.181118881,74.33333333,1.247219129,-0.328671329,9.55479117,0.855838399
Good,2.634458333,0.027185304,0.005731818,25.129875,0.419784634,0.115484965,0.624583333,0.01106954,-0.001063636,0.00905,0.000236291,-2.80E-06,6.446258333,0.055201939,-0.000156993,7.441591667,0.05838682,0.011612238,25.8,0.465474668,-0.134265734,73.08333333,1.320248293,-0.367132867,9.669793757,0.847941496
Good,2.64295,0.021264113,0.000983916,25.48415,0.349142116,0.089615385,0.611308333,0.01577754,-0.004184266,0.008983333,5.53E-05,-1.12E-05,6.411891667,0.08388117,-0.023747203,7.444916667,0.050057181,-0.00630979,25.325,0.369966215,-0.105944056,71.58333333,1.187317237,-0.325174825,9.822544341,0.847148537
Good,2.630241667,0.030052522,-0.006225524,25.68585833,0.224688753,0.022858392,0.595183333,0.018770803,-0.005309091,0.008941667,4.93E-05,-1.15E-05,6.295316667,0.117717379,-0.033205594,7.394158333,0.076580801,-0.017109441,24.96666667,0.256038192,-0.071328671,70.58333333,1.037491633,-0.255244755,9.923017374,0.841710345
Good,2.613591667,0.04479013,-0.00751014,25.8461,0.331996087,0.010762238,0.573591667,0.017923656,-0.00494021,0.008966667,8.50E-05,1.75E-05,6.208816667,0.099399018,-0.022794406,7.353658333,0.07624366,-0.011626224,24.71666667,0.181811869,-0.05034965,69.83333333,0.687184271,-0.104895105,10.11976214,0.837903448
Good,2.5998,0.040058332,-0.002442657,25.96895,0.364102052,0.024728671,0.553641667,0.02012608,-0.005647902,0.0091,0.000191485,5.17E-05,6.076808333,0.134265499,-0.028545804,7.277941667,0.121361811,-0.018191958,24.86666667,0.712195354,0.104195804,69.08333333,0.953793595,-0.199300699,9.96152068,0.820540306
Good,2.589383333,0.041171852,-0.00576993,25.84003333,0.488743386,-0.104881818,0.531425,0.021328546,-0.005885664,0.009283333,0.000181812,4.55E-05,6.051275,0.122721338,-0.010955594,7.294541667,0.122363315,0.00335,25.95,1.58981131,0.421678322,68.83333333,0.986013297,-0.034965035,9.80429855,0.820540306
Good,2.543808333,0.063341751,-0.016410839,25.26855,0.79158285,-0.224493706,0.490491667,0.044219461,-0.011992657,0.009408333,0.000118732,1.43E-05,5.932225,0.135739426,-0.014974476,7.212791667,0.140342174,-0.008111538,27.38333333,1.599913192,0.433566434,69.66666667,1.885618083,0.48951049,9.896858398,0.812765351
Good,2.488841667,0.062967564,-0.016581469,24.46410833,0.716869993,-0.200802448,0.4555,0.039408692,-0.009968531,0.009425,8.29E-05,-1.15E-05,5.846,0.184978273,-0.050812587,7.149033333,0.171492543,-0.046857343,28.7,0.609644705,0.172027972,72.08333333,2.660148283,0.758741259,9.730061346,0.807081965
Good,2.443283333,0.029222475,-0.005037762,23.86258333,0.406272138,-0.10398951,0.421358333,0.013436484,-0.003252098,0.009466667,0.000197203,2.03E-05,5.660775,0.134496296,-0.036801049,6.973758333,0.118101287,-0.032694056,29.25833333,0.354632047,0.10034965,74.75,2.165063509,0.611888112,9.648042159,0.809983968
Good,2.427791667,0.011863,-0.002518531,23.475575,0.276654014,-0.074002448,0.412333333,0.011182526,-0.002687413,0.009641667,0.000304024,7.59E-05,5.560441667,0.08178567,-0.020171678,6.8631,0.099124602,-0.026905594,29.60833333,0.236143789,0.067482517,76.83333333,1.343709625,0.377622378,9.576059846,0.814247483
Good,2.419241667,0.011216688,-0.002785664,23.19625833,0.272622839,-0.07772972,0.4048,0.005911289,-0.000474825,0.009841667,0.000256445,5.35E-05,5.491133333,0.043104763,-0.008416084,6.781375,0.051786406,-0.01351993,29.83333333,0.169967317,0.047552448,78.58333333,1.552328001,0.437062937,9.451454098,0.811382452
Good,2.41925,0.013033195,0.001838462,22.92031667,0.205217583,-0.056348951,0.406966667,0.005348416,0.001227972,0.01,7.07E-05,7.69E-06,5.4731,0.040714637,-0.003932867,6.76635,0.030698982,0.004374126,30.025,0.142156018,0.03951049,80.08333333,1.440968039,0.402097902,9.279805845,0.795198174
Good,2.42975,0.018350318,0.004995105,22.75181667,0.134922613,-0.032042657,0.413408333,0.008975936,0.002535315,0.010058333,0.000103749,2.06E-05,5.477133333,0.044860679,0.006609091,6.799291667,0.056695392,0.014024825,30.15833333,0.132024829,0.031118881,81.58333333,1.037491633,0.29020979,9.202349386,0.804994833
Good,2.458741667,0.031820996,0.006967483,22.68085833,0.18946331,-0.014664685,0.427433333,0.01412311,0.003955944,0.010158333,0.000118732,2.76E-05,5.523583333,0.062865158,0.013383916,6.899708333,0.106465107,0.026584266,30.325,0.142156018,0.033916084,82.5,0.866025404,0.230769231,9.049842962,0.792253924
Good,2.481133333,0.031789158,0.005764336,22.5478,0.276882322,-0.046039161,0.439175,0.012494007,0.002959091,0.010233333,8.50E-05,1.61E-05,5.593175,0.081425765,0.019082168,7.01775,0.132691701,0.034094406,30.48333333,0.177169097,0.046153846,83.33333333,0.623609564,0.160839161,8.896257899,0.79311622
Good,2.500708333,0.023665955,0.001741608,22.41473333,0.28640186,-0.049285315,0.44465,0.006527825,-0.000820979,0.01025,8.66E-05,-1.12E-05,5.621766667,0.065642102,0.001272028,7.101675,0.073433951,0.01041014,30.63333333,0.11055416,0.029370629,84.08333333,0.862006703,0.22027972,8.874805812,0.783063413
Good,2.495741667,0.022354062,-0.001284266,22.26525833,0.136783926,-0.00204021,0.441533333,0.007067807,-0.001672028,0.010291667,0.000125554,1.01E-05,5.617725,0.070965556,-0.008694755,7.120608333,0.05787336,-0.003815734,30.74166667,0.08620067,0.019230769,84.83333333,0.799305254,0.188811189,9.007226075,0.779624226
Good,2.455841667,0.065451591,-0.016198951,22.12739167,0.228348522,-0.044185664,0.421316667,0.033538953,-0.007188811,0.010325,0.000147902,1.57E-05,5.503925,0.15507221,-0.034903147,7.006966667,0.18009474,-0.03965035,30.81666667,0.089752747,0.020979021,85.58333333,0.759202798,0.164335664,9.495623154,0.780415249
Good,2.3443,0.134094892,-0.037367133,21.86265,0.354114517,-0.093555944,0.372483333,0.064030004,-0.017376224,0.010383333,0.000121335,-2.80E-06,5.236183333,0.342869885,-0.093941259,6.661258333,0.451096999,-0.12323042,30.91666667,0.09860133,0.023076923,86.91666667,1.605113357,0.423076923,9.912525397,0.794712777
Good,2.252241667,0.099025009,-0.021948601,21.49006667,0.428762969,-0.104439161,0.3293,0.04864021,-0.010098601,0.010308333,0.000155233,-2.55E-05,4.974433333,0.271987335,-0.066081818,6.341833333,0.364501846,-0.08346014,31.10833333,0.225308431,0.05979021,88.16666667,1.462494065,0.370629371,9.372994107,0.773209379
Good,2.214483333,0.046398255,0.010462238,21.07289167,0.424649262,-0.108657692,0.319275,0.031194287,0.008106643,0.010216667,0.000162447,-3.01E-05,4.865091667,0.133209331,0.026191259,6.262516667,0.253106923,0.058246154,31.35833333,0.269129254,0.075174825,89.41666667,0.640095479,0.143356643,8.930256853,0.766208803
Good,2.262083333,0.049822666,0.013770629,20.68665,0.416847955,-0.10659021,0.355275,0.041018474,0.011670979,0.009883333,0.000512889,-0.000107692,5.0221,0.209273919,0.05745035,6.548766667,0.341347309,0.096837762,31.58333333,0.15184056,0.038461538,89.83333333,0.552770798,0.132867133,8.585127198,0.754395213
Good,2.323666667,0.056747854,0.014897902,20.30055833,0.332584589,-0.088575175,0.399633333,0.036012899,0.010169231,0.009325,0.000748471,-0.000195455,5.243533333,0.205600784,0.057246154,6.887525,0.256071755,0.072326224,31.66666667,0.074535599,0.004895105,90.58333333,0.759202798,0.164335664,8.276652766,0.767082253
Good,2.373625,0.059768193,0.009750699,20.0999,0.24771379,-0.04403007,0.39955,0.048472097,-0.006044755,0.008766667,0.000573488,-0.000126573,5.401375,0.117996809,0.023135315,7.1033,0.143505279,0.033009091,31.63333333,0.149071198,-0.018881119,91.16666667,0.897527468,0.188811189,8.490124513,0.756911871
Good,2.383483333,0.050728687,-0.00633007,19.90296667,0.243404753,-0.041744056,0.386191667,0.052361348,-0.009552098,0.008525,0.000163936,1.50E-05,5.437991667,0.08498869,-0.008563287,7.134291667,0.106961383,-0.013668881,31.6,0.158113883,-0.004195804,91.66666667,0.623609564,0.027972028,8.300303461,0.770204203
Good,2.382483333,0.047864493,-0.004231469,19.84825833,0.179590458,-0.032120629,0.369391667,0.038562276,0.002715734,0.008666667,0.000252763,6.01E-05,5.423975,0.075656957,-0.007652797,7.089716667,0.112422891,-0.025093007,31.65,0.180277564,0.027972028,91.5,0.645497224,-0.06993007,8.290462666,0.778489171
Good,2.390666667,0.041401114,0.011828671,19.83443333,0.140297008,0.03361049,0.389241667,0.025230783,0.007127622,0.009025,0.000389711,0.000106643,5.392,0.03684585,0.003086713,7.009725,0.031123574,-0.005377273,31.74166667,0.132024829,0.031818182,91.16666667,0.552770798,-0.132867133,8.158973731,0.775108857
Good,2.430975,0.034728833,0.009638811,19.96948333,0.149988165,0.042328671,0.4138,0.01950047,0.005474825,0.009583333,0.000616216,0.000175524,5.4076,0.026912141,0.001152448,6.990991667,0.027023029,-0.006411538,31.84166667,0.064009548,0.014335664,90.58333333,0.493006649,-0.122377622,8.192343601,0.775862565
Good,2.467433333,0.02977234,0.006877622,20.16094167,0.212255807,0.04651993,0.432375,0.012544064,0.003397552,0.010141667,0.000515523,0.000134615,5.401891667,0.046679554,0.002933916,6.981858333,0.050986215,0.000880769,31.875,0.04330127,0.009440559,90.25,0.433012702,-0.094405594,8.153616158,0.776608373
Good,2.470308333,0.02665547,-0.001975874,20.21546667,0.178663274,0.00835035,0.431766667,0.014436201,-0.002406993,0.01035,0.000269258,-2.03E-05,5.363475,0.085177678,-0.018538112,6.927008333,0.095828949,-0.018873776,31.9,7.11E-15,7.23E-16,90.16666667,0.372677996,0.06993007,8.269895907,0.772832789
Good,2.44565,0.048954324,-0.012561538,20.12095833,0.28460011,-0.064348601,0.423041667,0.017718609,-0.004477972,0.010116667,0.000411974,-0.000115385,5.290525,0.095470215,-0.022918531,6.857358333,0.112693637,-0.027404545,31.9,7.11E-15,7.23E-16,90.5,0.5,0.125874126,8.310261206,0.770240342
Good,2.39635,0.045167033,-0.012353846,19.85623333,0.271790552,-0.069486014,0.405833333,0.012443428,-0.003121678,0.009733333,0.000300925,-7.97E-05,5.195783333,0.073778236,-0.019924476,6.763608333,0.054299869,-0.014664685,31.9,7.11E-15,7.23E-16,90.83333333,0.372677996,0.06993007,8.338965105,0.758561129
Good,2.358233333,0.032798687,-0.007692308,19.65446667,0.192351711,-0.037602098,0.395225,0.011822234,-0.003273077,0.009475,0.000129904,-3.32E-05,5.1201,0.07486165,-0.020716084,6.707708333,0.052535043,-0.014596154,31.9,7.11E-15,7.23E-16,91,0,2.37E-15,8.435568129,0.756046743
Good,2.338966667,0.01833809,-0.001317483,19.57429167,0.131357378,0.007879371,0.383408333,0.009574311,-0.00258007,0.009375,8.29E-05,-1.50E-05,5.045625,0.063855959,-0.017005245,6.64115,0.065313673,-0.018344755,31.9,7.11E-15,7.23E-16,91,0,2.37E-15,8.412107543,0.764605759
Good,2.343516667,0.021270239,0.003186713,19.66095,0.176145359,0.035447552,0.3777,0.006314006,-0.000953147,0.009358333,4.93E-05,5.24E-06,4.99715,0.040272644,-0.008633566,6.586566667,0.049271092,-0.013033566,31.9,7.11E-15,7.23E-16,91,0,2.37E-15,8.407012192,0.754929923
Good,2.334641667,0.030450491,-0.003336014,19.71400833,0.152713269,0.016326923,0.365383333,0.016217831,-0.003497203,0.0094,1.00E-04,1.47E-05,4.936066667,0.071930016,-0.016297203,6.49995,0.0908634,-0.022952448,31.875,0.04330127,-0.008741259,91.33333333,0.471404521,0.111888112,8.657088626,0.756472402
Good,2.306558333,0.049173086,-0.013496154,19.6939,0.142099812,-0.037975524,0.35225,0.020093345,-0.005204196,0.009391667,0.000103749,-1.43E-05,4.854033333,0.106393729,-0.028598601,6.396233333,0.128524163,-0.0361,31.85,0.05,-0.008391608,91.66666667,0.471404521,0.111888112,8.665582821,0.757770357
Good,2.261791667,0.038746494,-0.01016049,19.54153333,0.163167799,-0.04242028,0.335183333,0.012163116,-0.002761538,0.009341667,0.000132025,-2.76E-05,4.752583333,0.091859465,-0.024597203,6.269516667,0.102929222,-0.028432168,31.84166667,0.049300665,0.006643357,92,0,3.37E-15,8.709713665,0.753373753
Good,2.228233333,0.018626385,-0.004885315,19.40331667,0.147674455,-0.025827972,0.326016667,0.006532079,-0.001652448,0.009325,0.000108972,1.71E-05,4.663358333,0.06586049,-0.017772378,6.157041667,0.08655466,-0.024579371,31.85833333,0.049300665,0.007342657,92,0,3.37E-15,8.784530632,0.762174744
Good,2.200758333,0.027534538,-0.007171678,19.28599167,0.158189973,-0.02336958,0.315633333,0.010150315,-0.002745455,0.0094,0.000158114,3.78E-05,4.577066667,0.083211511,-0.023367832,6.029008333,0.130300438,-0.036965385,31.86666667,0.047140452,-0.002797203,92,0,3.37E-15,8.884710374,0.770064851
Good,2.163325,0.040190673,-0.011023427,19.1633,0.189835416,-0.03381049,0.30305,0.013440207,-0.003848252,0.009466667,0.000117851,1.12E-05,4.477183333,0.092010016,-0.025713287,5.880041667,0.142852666,-0.04083951,31.85833333,0.049300665,-0.003846154,92,0,3.37E-15,9.041184523,0.768600407
Good,2.125558333,0.03440488,-0.009011538,19.03450833,0.164994851,-0.034266084,0.290216667,0.009911848,-0.002663636,0.009475,0.000108972,-4.55E-06,4.386766667,0.069519773,-0.019117483,5.739516667,0.106656136,-0.029884615,31.84166667,0.049300665,-0.003146853,92,0,3.37E-15,8.972199815,0.763944524
Good,2.093291667,0.024588224,-0.00495979,18.9134,0.167259913,-0.018532168,0.280691667,0.005909097,-0.001576573,0.009491667,0.000149768,1.99E-05,4.312008333,0.051913878,-0.014326923,5.618091667,0.097405206,-0.02728986,31.85833333,0.049300665,0.006643357,92,0,3.37E-15,9.122182507,0.777121187
Good,2.056908333,0.040790143,-0.009992657,18.73725833,0.22890796,-0.047754895,0.272775,0.007304921,-0.001965385,0.009516667,0.000157233,1.12E-05,4.255025,0.054438698,-0.014701049,5.505183333,0.108992865,-0.030427972,31.86666667,0.047140452,0.006993007,92.25,0.433012702,0.094405594,9.234443773,0.78131911
Good,2.032725,0.033482984,-0.005511538,18.66191667,0.220796855,-0.011068531,0.265683333,0.006505617,-0.001813986,0.009516667,0.000157233,-1.12E-05,4.204458333,0.04147038,-0.010568881,5.4094,0.080675626,-0.020997203,31.89166667,0.02763854,0.00034965,92.41666667,0.493006649,0.052447552,9.264875045,0.783315974
Good,2.034375,0.040254547,0.008275175,18.69339167,0.233615273,0.05194021,0.263616667,0.00818615,0.000722378,0.009483333,0.000121335,-9.09E-06,4.184508333,0.041051522,-0.000661888,5.362291667,0.055618649,-0.00263042,31.90833333,0.049300665,0.01013986,92.58333333,0.493006649,-0.045454545,8.960773295,0.776603151
Good,2.076608333,0.06133151,0.014528322,18.82015833,0.291418632,0.033446503,0.276466667,0.019957135,0.005100699,0.00945,0.000111803,-2.10E-06,4.231108333,0.086261071,0.019237413,5.4546,0.155322755,0.035742657,31.95,0.05,0.012587413,92.33333333,0.471404521,-0.083916084,8.797326982,0.765441847
Good,2.149491667,0.07912795,0.020552797,19.12926667,0.430258069,0.091954545,0.293575,0.020106182,0.005248601,0.00945,0.000111803,2.10E-06,4.302566667,0.093108604,0.023257343,5.59175,0.176707878,0.046597203,31.98333333,0.0372678,0.006993007,92.16666667,0.372677996,-0.06993007,8.732009041,0.763165141
Good,2.228066667,0.104829849,0.025272727,19.30539167,0.480631389,0.089394755,0.332316667,0.042894791,0.010467133,0.00945,0.000132288,1.54E-05,4.455225,0.168599452,0.042093357,5.85155,0.251418603,0.063788811,32.025,0.04330127,0.009440559,92,0,3.37E-15,8.098054408,0.75063847
Good,2.345175,0.122822725,0.03158007,19.72526667,0.417414539,0.078983916,0.367833333,0.04774333,0.011905594,0.009558333,0.00019773,3.81E-05,4.628766667,0.216700132,0.059786713,6.136675,0.339731652,0.094387762,32.05833333,0.049300665,0.012237762,92,0,3.37E-15,8.170802626,0.744016633
Good,2.388608333,0.101024126,0.009309441,19.8189,0.412883559,0.07021958,0.38085,0.035297344,-0.00369021,0.009633333,0.000179505,2.45E-05,4.696858333,0.152236064,-0.00388007,6.269308333,0.22997071,0.006044406,32.10833333,0.049300665,0.010839161,92,0,3.37E-15,8.603744146,0.750217217
Good,2.3804,0.087843004,-0.023359441,19.877725,0.339835698,-0.060164685,0.3619,0.037426328,-0.009830769,0.009758333,0.000144097,1.08E-05,4.626633333,0.177799083,-0.048321678,6.194825,0.255074901,-0.068786364,32.15833333,0.064009548,0.015734266,92,0,3.37E-15,8.396819202,0.744660129
Good,2.341483333,0.051609396,-0.002061538,19.79580833,0.270512629,-0.012052797,0.342675,0.016850674,-0.000138811,0.009883333,0.000230338,5.66E-05,4.52495,0.076645934,-0.006656643,6.0614,0.126155935,-0.00809021,32.03333333,0.224845626,-0.046853147,92.33333333,0.623609564,0.090909091,8.407012192,0.739126856
Good,2.332233333,0.042676151,0.005353846,19.84999167,0.297819001,0.03989965,0.3381,0.012192757,0.001076923,0.00995,0.000193649,9.79E-06,4.501225,0.057225157,0.006276573,6.035491667,0.093979523,0.016176573,31.85,0.275378527,-0.072727273,92.75,0.721687836,0.122377622,8.629454698,0.740360795
Good,2.350816667,0.02318573,-0.003793706,20.176475,0.326981661,0.079375874,0.335625,0.013450906,-0.003779371,0.010008333,0.000170579,-4.55E-06,4.499866667,0.068815555,-0.016347552,6.033441667,0.111159079,-0.02686049,31.66666667,0.074535599,-0.007692308,93,0.577350269,-0.055944056,8.843709743,0.756883734
Good,2.333983333,0.040586591,-0.00361049,20.5402,0.468474005,0.107567832,0.318158333,0.01595052,-0.004559091,0.009641667,0.000449923,-9.20E-05,4.456491667,0.060739752,-0.012556294,5.942258333,0.118528889,-0.030662587,31.65,0.064549722,0.007692308,92.91666667,0.493006649,-0.073426573,9.074202435,0.758857513
Good,2.304158333,0.056619247,-0.011014336,20.61661667,0.436225748,-0.038999301,0.308016667,0.011011724,-0.001495105,0.009391667,0.00045909,-9.90E-05,4.407566667,0.051085163,-0.008333566,5.819341667,0.109775866,-0.024931818,31.75,0.16583124,0.032867133,92.58333333,0.493006649,-0.087412587,8.843258648,0.760587981
Good,2.284716667,0.053117932,-0.003283916,20.436575,0.508497891,-0.102805245,0.311033333,0.015314826,0.003857343,0.0091,1.00E-04,1.33E-05,4.416625,0.048254328,0.005517832,5.8215,0.10141079,0.011106294,31.96666667,0.300924501,0.081818182,92.16666667,0.687184271,-0.174825175,8.585127198,0.746512594
Good,2.324066667,0.087069276,0.020039161,20.39208333,0.401824997,0.057177622,0.3224,0.017307272,0.00317972,0.0093,0.000316228,6.36E-05,4.4476,0.076771001,0.015028671,5.887908333,0.160143875,0.036594056,32.225,0.271185668,0.07027972,92,0.577350269,-0.013986014,8.743110068,0.753202493
Good,2.3866,0.082364019,0.019020979,20.68923333,0.507582124,0.136222378,0.333133333,0.013556815,0.001188811,0.009683333,0.000506349,0.000134965,4.481141667,0.062117905,0.000416434,5.968833333,0.104913769,0.00383007,32.25,0.221735578,-0.03986014,92.41666667,0.953793595,0.22027972,8.589850313,0.748378494
Good,2.478358333,0.071506625,0.016103846,21.25586667,0.475853175,0.121765734,0.349116667,0.023811581,0.005179021,0.010058333,0.000368462,8.36E-05,4.530058333,0.094882475,0.012208741,6.062391667,0.155972773,0.020278671,32.09166667,0.27220805,-0.070979021,93.16666667,0.799305254,0.174825175,8.452079631,0.738118226
Good,2.549725,0.103817212,0.027880769,21.67070833,0.504831654,0.124325524,0.377125,0.034751694,0.010020629,0.010275,4.33E-05,1.05E-06,4.604708333,0.153187105,0.038219231,6.19745,0.257454282,0.067097203,31.86666667,0.124721913,-0.027272727,93.41666667,0.493006649,-0.059440559,8.194312277,0.731018881
Good,2.572125,0.081939125,-0.001368182,21.05730833,1.264715831,-0.252184266,0.426708333,0.047385414,0.013527622,0.010208333,0.000125554,-2.20E-05,4.76195,0.205077524,0.049259441,6.413666667,0.271772121,0.061927972,31.99166667,0.275252409,0.058391608,92.58333333,1.381926996,-0.346153846,7.571903084,0.750202675
Good,2.568891667,0.078692317,-0.008562587,20.36946667,1.241959496,-0.250935664,0.453175,0.035998058,0.004405245,0.010191667,0.000118732,-6.64E-06,4.925741667,0.21429796,0.048538811,6.628525,0.26307007,0.057689161,32.25833333,0.377399729,0.102447552,91.08333333,1.705790791,-0.465034965,7.908384781,0.737258439
Good,2.517883333,0.037252893,-0.000744755,19.67595833,0.294965454,0.079548601,0.452366667,0.036453837,-0.008181818,0.010183333,0.000114261,2.03E-05,4.992808333,0.150749436,0.00396958,6.723325,0.191064091,0.022016434,32.58333333,0.195078332,0.051748252,89.75,1.16368667,-0.269230769,7.967492564,0.73339805
Good,2.537041667,0.039883172,0.002143706,19.92256667,0.194117054,0.047952448,0.447491667,0.035134253,0.002012937,0.0103,0.000122474,2.59E-05,5.0799,0.136822391,0.012086014,6.836266667,0.11300998,0.012362238,32.73333333,0.084983659,0.018181818,89.16666667,0.372677996,-0.006993007,7.672608093,0.756127814
Good,2.554633333,0.052366232,0.013835664,19.9694,0.141983925,-0.014979021,0.466208333,0.04409878,0.012074476,0.010383333,0.000140436,3.22E-05,5.193516667,0.216627702,0.061018182,6.945416667,0.192945264,0.054148252,32.79166667,0.064009548,0.008741259,89.16666667,0.372677996,0.041958042,7.561595706,0.761172386
Good,2.58605,0.030541297,0.003804895,20.07276667,0.260484834,0.035379021,0.477483333,0.035642387,-0.002711888,0.010475,0.000129904,1.99E-05,5.305,0.133950831,0.009453846,7.061525,0.124379387,0.016544406,32.79166667,0.08620067,-0.009440559,89.83333333,1.067187373,0.237762238,8.010344959,0.73905695
Good,2.595341667,0.024893053,-0.000231119,20.43588333,0.692003049,0.177702098,0.469308333,0.03645832,-0.007692657,0.010533333,0.000110554,2.03E-05,5.27885,0.149914968,-0.038998601,7.092375,0.087316504,-0.017724825,32.54166667,0.419242041,-0.09965035,90.91666667,1.705790791,0.367132867,8.499027271,0.717256789
Good,2.59425,0.020955727,0.00071958,21.739425,1.570214077,0.432638811,0.473991667,0.044107302,0.009170979,0.010633333,0.000143372,2.94E-05,4.992208333,0.313347205,-0.085314336,6.794741667,0.38068848,-0.095989161,31.23333333,1.740370331,-0.466433566,89.5,3.640054945,-0.748251748,9.637006639,0.726388206
Good,2.53955,0.0829127,-0.01898951,23.406675,1.799045696,0.50843951,0.51505,0.05493594,0.014918182,0.010483333,0.00038478,-6.99E-05,4.868608333,0.449117233,-0.013091259,6.644708333,0.527341734,-0.031116434,29.425,2.025308618,-0.56958042,85.16666667,6.175669105,-1.769230769,10.56388196,0.767277802
Good,2.441041667,0.127678316,-0.034765385,23.94585833,1.169807735,-0.094494056,0.549433333,0.026235229,0.003458741,0.010691667,0.000630421,4.23E-05,4.75965,0.426102426,0.030634266,6.471216667,0.463428662,0.033541259,27.49166667,1.17718473,-0.326923077,75.16666667,10.55804064,-2.391608392,9.719522511,0.728548497
Good,2.340208333,0.067102788,-0.014921329,23.381275,1.447166215,-0.378952797,0.551575,0.021701272,-0.004609441,0.0109,0.00072111,0.000145455,4.781991667,0.417035113,-0.020784266,6.56125,0.442369179,0.002133566,26.86666667,0.729535621,-0.013286713,71.41666667,8.025566785,-0.276223776,9.460557244,0.698494097
Good,2.308908333,0.037157849,0.004633916,22.03336667,0.723231681,-0.192759441,0.537225,0.014783275,-0.00236958,0.011508333,0.000457271,8.36E-05,4.505966667,0.354237487,-0.092476923,6.521166667,0.151714223,-0.004162238,27.58333333,1.492108873,0.398601399,71,7.670288999,1.86013986,8.939320796,0.607014524
Good,2.338508333,0.041920271,0.011226923,21.36798333,0.550577427,-0.153123077,0.538725,0.0145612,0.002531119,0.011883333,0.000423937,0.000117483,4.267033333,0.298733017,-0.068551049,6.603491667,0.161876385,0.027658392,28.78333333,1.378304111,0.354545455,76.58333333,2.396467307,0.667832168,8.59584372,0.601985126
Good,2.389241667,0.056360262,0.015578671,20.87621667,0.302618326,-0.080982517,0.553491667,0.021230224,0.006124126,0.01225,0.000304138,7.34E-05,4.105058333,0.125035985,0.009735315,6.730191667,0.216581349,0.05781993,29.78333333,0.293919868,0.072727273,79,1.914854216,0.545454545,8.277275271,0.598211629
Good,2.460925,0.072715234,0.020513636,20.63274167,0.136304527,-0.02881014,0.577591667,0.020105657,0.005794056,0.012466667,0.000184089,3.01E-05,4.179725,0.133780331,0.032025524,6.954616667,0.256804293,0.061822378,30.10833333,0.262863505,0.072377622,80.91666667,1.497683396,0.423076923,7.933518216,0.601717798
Good,2.526741667,0.066216985,0.016495455,20.47909167,0.20372923,-0.033253497,0.599025,0.018331263,0.005189161,0.012566667,0.000124722,1.89E-05,4.304825,0.156488509,0.039922727,7.071341667,0.218471594,0.028686364,30.375,0.271185668,0.075874126,82.33333333,1.178511302,0.314685315,7.833188666,0.644224637
Good,2.560291667,0.031928839,0.000435315,20.23193333,0.349553809,-0.08941958,0.612425,0.009484472,0.002173077,0.012691667,0.000175396,4.23E-05,4.494258333,0.206080043,0.056211538,7.145825,0.169860061,0.002923427,30.64166667,0.170579079,0.047202797,83.33333333,0.849836586,0.174825175,7.72704181,0.671307917
Good,2.580975,0.036036281,0.002878671,20.03246667,0.293869252,-0.051942657,0.622008333,0.006069522,0.001303846,0.012925,0.000261805,7.10E-05,4.69905,0.19854707,0.056101399,7.1661,0.089118199,0.012888811,30.8,0.122474487,0.033566434,84.08333333,0.862006703,0.157342657,7.59245967,0.688587793
Good,2.590641667,0.049283575,0.008503147,19.848675,0.214199176,-0.003952797,0.6237,0.006711557,0.000964336,0.013125,0.000234965,4.51E-05,4.891008333,0.135854956,0.038261888,7.217791667,0.073032886,0.01369965,30.925,0.101036297,0.026223776,84.83333333,0.986013297,0.223776224,7.475532503,0.6996
Good,2.634,0.054116664,0.008492308,19.93666667,0.237510317,0.020523776,0.628333333,0.005425147,0.000309091,0.013233333,0.000164992,-6.29E-06,4.960591667,0.072895524,0.00366958,7.183275,0.130461822,-0.02467028,31.04166667,0.118731724,0.032517483,85.75,1.010362971,0.269230769,7.567475228,0.705248065
Good,2.648891667,0.050185497,0.004522028,19.923275,0.245980542,0.01391014,0.625583333,0.006198633,-0.000248252,0.013275,0.000208666,1.85E-05,5.050725,0.1265363,0.020016434,7.219991667,0.160636237,0.009981469,31.14166667,0.103749163,0.026223776,86.83333333,0.986013297,0.272727273,7.488047582,0.714540179
Good,2.653933333,0.036090796,-0.007259441,19.93599167,0.184364433,-0.036958392,0.622433333,0.007710959,-0.00193007,0.0133,0.000219848,1.05E-05,5.160675,0.189341786,0.048642308,7.1908,0.164321671,0.010388811,31.20833333,0.049300665,0.006643357,87.66666667,0.745355992,0.188811189,7.585432552,0.757853786
Good,2.644083333,0.026293308,-0.000595105,19.84121667,0.146696801,-0.006245455,0.615308333,0.006569051,-0.001492657,0.013366667,0.000228522,-5.59E-06,5.424508333,0.243157444,0.065687063,7.388358333,0.218519482,0.032331818,31.21666667,0.0372678,-0.002797203,88.08333333,0.276385399,0.01048951,7.488047582,0.757147028
Good,2.651675,0.030459567,0.004161189,19.86813333,0.14703128,0.01526993,0.613841667,0.006221664,-0.000278671,0.013308333,0.000225308,-2.97E-05,5.61535,0.191869454,0.044973427,7.443066667,0.223854113,0.03308042,31.225,0.04330127,0.002447552,88.33333333,0.471404521,0.062937063,7.506168619,0.773254166
Good,2.676591667,0.027269839,0.005549301,19.94235833,0.145767237,0.025168182,0.617616667,0.008295464,0.001511189,0.013358333,0.000189113,1.75E-06,5.722191667,0.063315065,-0.00558986,7.508775,0.141585234,-0.033605944,31.275,0.08291562,0.020629371,88.58333333,0.493006649,0.108391608,7.408581537,0.769826597
Good,2.686366667,0.020692403,-0.000556643,19.97589167,0.102178141,-0.012521329,0.620325,0.006760316,-2.34E-05,0.013075,0.000501871,-8.15E-05,5.724458333,0.071923298,-0.002475175,7.415616667,0.126905344,-0.019834965,31.33333333,0.074535599,0.014685315,88.91666667,0.276385399,0.024475524,7.463629184,0.781788911
Good,2.68965,0.019447301,-0.001609091,19.96920833,0.116777612,-0.008213636,0.621158333,0.00554218,-0.000803846,0.013041667,0.000504081,-4.86E-05,5.633591667,0.129189812,-0.020377273,7.244525,0.202712609,-0.039101748,31.375,0.04330127,0.001748252,89.16666667,0.372677996,0.055944056,7.45153004,0.780393101
Good,2.684258333,0.027652349,-0.00014021,19.99645,0.133058812,0.023623776,0.608433333,0.024212371,-0.00433986,0.012933333,0.000447834,6.64E-05,5.537633333,0.190325346,-0.041612587,7.077033333,0.266236966,-0.058979021,31.38333333,0.0372678,0.003496503,89.41666667,0.493006649,0.087412587,7.666603087,0.785138488
Good,2.606116667,0.127261455,-0.030194406,20.03135833,0.220710132,0.002610839,0.559091667,0.068033919,-0.018280769,0.013241667,0.000266015,5.28E-05,5.273416667,0.263280392,-0.066048951,6.782966667,0.264331015,-0.063609091,31.325,0.092421138,-0.018531469,89.33333333,0.623609564,-0.083916084,8.430880565,0.756313327
Good,2.484375,0.162359519,-0.044161189,19.95115833,0.29700834,-0.048570979,0.494741667,0.072060154,-0.019867483,0.013616667,0.000493007,0.000132168,5.062725,0.263625274,-0.069094755,6.518133333,0.308926284,-0.084953147,31.44166667,0.246503324,0.042307692,89.08333333,0.640095479,-0.115384615,8.494715952,0.790175485
Good,2.385358333,0.076540452,-0.007401748,19.78945833,0.293851951,-0.04721014,0.449308333,0.023882087,-0.002375874,0.013825,0.000358527,4.23E-05,4.933183333,0.099521596,0.00516014,6.300166667,0.152381502,-0.032517483,31.69166667,0.407141117,0.113636364,88.58333333,0.493006649,-0.066433566,8.037660844,0.813035393
Good,2.384616667,0.056736229,0.015341259,19.601375,0.191932541,-0.027996154,0.451091667,0.023067526,0.005792657,0.013608333,0.000711171,-0.00016958,5.017808333,0.155372871,0.040176573,6.26175,0.108443476,0.016356643,32.025,0.245373864,0.06048951,88.66666667,0.623609564,0.041958042,7.90329159,0.818122055
Good,2.453783333,0.06242801,0.017448252,19.40525,0.29047101,-0.068698601,0.480208333,0.027949701,0.007722028,0.0132,0.000594418,-9.44E-05,5.195608333,0.184531738,0.048986364,6.345075,0.136088746,0.031974476,32.05,0.221735578,-0.043356643,89,0.816496581,0.195804196,7.390582256,0.845096256
Good,2.524766667,0.0670889,0.018811189,19.20994167,0.286970688,-0.051172378,0.506308333,0.024132463,0.006258392,0.013266667,0.000677413,0.000124476,5.442533333,0.247660434,0.06589021,6.531591667,0.202105177,0.049654196,32,0.223606798,-0.025174825,89.66666667,0.745355992,0.181818182,7.433248591,0.846578123
Good,2.572691667,0.035631808,0.006970979,19.27604167,0.352293226,0.058367483,0.518291667,0.010662431,-0.000155594,0.013575,0.000505181,9.13E-05,5.582,0.18075855,0.02933986,6.615091667,0.165593893,0.019987063,31.725,0.31391347,-0.054895105,90.25,0.595119036,0.143356643,7.690078945,0.84380101
Good,2.591041667,0.013977867,-0.002147902,19.40551667,0.305010811,0.054976923,0.521933333,0.009293845,-0.000674126,0.013866667,0.000256038,-1.19E-05,5.659575,0.088566351,-0.014331818,6.659291667,0.109060415,-0.021768881,31.55,0.352372909,-0.078321678,90.33333333,0.471404521,-0.006993007,7.433248591,0.858796967
Good,2.584816667,0.015689691,-0.001162937,19.47635833,0.222966778,-0.051959091,0.520283333,0.009397237,0.001727972,0.013891667,0.000287107,1.99E-05,5.623758333,0.060309127,0.002242308,6.586891667,0.072673258,-0.008411538,31.45,0.221735578,0.037062937,90,0.707106781,-0.167832168,7.414809626,0.864493842
Good,2.570441667,0.024978039,-0.004703846,19.18509167,0.338810708,-0.091173776,0.523566667,0.007628383,-0.000202098,0.014008333,0.000275252,2.27E-05,5.655083333,0.07015061,0.010867133,6.572625,0.068383577,-0.003537413,31.66666667,0.324893145,0.091608392,89.41666667,0.493006649,-0.122377622,7.396434599,0.871545492
Good,2.554091667,0.028648952,-0.005733916,18.965175,0.237961909,-0.046962587,0.514875,0.013961622,-0.002909441,0.014025,0.000321779,-2.41E-05,5.646775,0.071906387,-0.004938112,6.530516667,0.080497907,-0.011928671,31.975,0.220321734,0.061188811,89.08333333,0.276385399,-0.038461538,7.420437668,0.868957892
Good,2.5448,0.019165246,0.002058042,18.84948333,0.106842578,0.020748951,0.507766667,0.010810437,-0.001925874,0.013833333,0.000370435,-7.27E-05,5.6528,0.058402055,-0.007862937,6.5163,0.068636324,-0.009663636,32.16666667,0.124721913,0.032167832,89.16666667,0.372677996,0.06993007,7.420437668,0.876041892
Good,2.551041667,0.029191736,0.002515734,19.01593333,0.216252612,0.054927273,0.492691667,0.020481596,-0.003233916,0.013625,0.000346711,-4.93E-05,5.577458333,0.110266385,-0.016484965,6.45265,0.082325194,-0.012901399,32.24166667,0.064009548,0.007342657,89.5,0.5,0.125874126,7.786400381,0.842166635
Good,2.526291667,0.052878138,-0.011576573,19.275225,0.311904585,0.088784266,0.468783333,0.03597325,-0.009254545,0.013508333,0.000278263,2.48E-05,5.438958333,0.217794871,-0.05925979,6.34875,0.163803554,-0.045229371,32.10833333,0.225308431,-0.054195804,90,0.577350269,0.125874126,8.032508052,0.838557271
Good,2.487691667,0.058262459,-0.015103147,19.5487,0.210769357,0.057442657,0.443408333,0.028570044,-0.005983566,0.013533333,0.000493851,3.92E-05,5.221591667,0.220084046,-0.061111538,6.165158333,0.180450614,-0.051468881,31.93333333,0.232139805,-0.058041958,90.58333333,0.640095479,0.15034965,8.141598383,0.834320525
Good,2.425408333,0.040438131,-0.010826224,19.7068,0.071697211,0.015644755,0.420233333,0.012151429,-0.002314685,0.013683333,0.000499722,6.08E-05,5.018816667,0.134789699,-0.037955944,5.98925,0.129595181,-0.036723776,31.74166667,0.07592028,-0.016433566,90.83333333,0.552770798,0.041958042,8.41665954,0.833035038
Good,2.391575,0.040150885,-0.009726224,19.78716667,0.097894998,0.019755944,0.408258333,0.016645293,-0.004222727,0.0137,0.000530723,3.08E-05,4.884825,0.104103227,-0.029167483,5.86165,0.085631473,-0.024241958,31.68333333,0.068718427,-0.014685315,91,0.40824829,-0.013986014,8.397155679,0.827713263
Good,2.376441667,0.024007723,0.001756993,19.88830833,0.141962897,0.032540909,0.399925,0.0093603,-0.000605944,0.013825,0.000458485,-1.01E-05,4.814225,0.074721172,-0.013798951,5.799733333,0.07951714,-0.013044755,31.675,0.08291562,0.008741259,90.91666667,0.276385399,0.031468531,8.324285949,0.832260681
Good,2.381041667,0.023525038,0.003131119,19.90845,0.129462089,-0.006818182,0.397183333,0.010382986,0.000506993,0.013833333,0.000529675,2.52E-05,4.766975,0.061613988,-0.008491958,5.743641667,0.084498486,-0.014262587,31.79166667,0.189113429,0.050699301,91,0,2.37E-15,8.412107543,0.829834962
Good,2.376466667,0.026821146,-0.006478322,19.84135,0.161082145,-0.045195105,0.393866667,0.012797613,-0.002868531,0.014025,0.000496865,1.78E-05,4.714625,0.094749821,-0.024033217,5.673141667,0.120783377,-0.030755594,31.95833333,0.189113429,0.050699301,91.08333333,0.276385399,0.038461538,8.382554061,0.832924148
Good,2.347441667,0.038352802,-0.01066049,19.680425,0.121420009,-0.033541608,0.377125,0.021003655,-0.005744406,0.013633333,0.000726101,-0.000136364,4.629975,0.092926908,-0.025756294,5.55825,0.115927984,-0.032732168,32.11666667,0.089752747,0.023076923,91.33333333,0.471404521,0.097902098,8.54793497,0.837870988
Good,2.273541667,0.077650107,-0.020501748,19.34835,0.382553847,-0.097721678,0.355,0.021075539,-0.005575524,0.012925,0.001015812,-0.000266084,4.535933333,0.078171951,-0.021652448,5.44635,0.101028969,-0.027868531,32.16666667,0.047140452,0.005594406,91.75,0.595119036,0.136363636,8.656398751,0.8402717
Good,2.241091667,0.060908626,-0.006365385,19.10746667,0.325440088,-0.069718182,0.353408333,0.020419536,0.002954895,0.012125,0.000506828,-0.000116434,4.509075,0.06235911,0.000215734,5.396283333,0.062565004,-0.004161538,32.075,0.163935963,-0.04020979,92.41666667,0.759202798,0.185314685,8.271375461,0.842888402
Good,2.242841667,0.062021333,0.017405245,18.861975,0.078093578,-0.001073776,0.37,0.030342929,0.008413986,0.011816667,0.000240947,-7.69E-06,4.545725,0.093421064,0.022665385,5.417975,0.081926503,0.016273077,32.06666667,0.159861051,3.09E-16,92.66666667,0.623609564,0.027972028,8.092481556,0.845410541
Good,2.264491667,0.042611158,-0.001336014,18.76204167,0.201183413,-0.053691259,0.39425,0.015838324,0.003799301,0.011991667,0.000386131,6.26E-05,4.628108333,0.081022903,0.02124021,5.511658333,0.105983336,0.028562587,31.98333333,0.172401341,0.004895105,92.58333333,0.640095479,-0.15034965,8.298422255,0.828244543
Good,2.285458333,0.048294003,-0.000381469,18.64300833,0.207958175,-0.033141608,0.420308333,0.025961364,0.006445804,0.012116667,0.000678028,1.96E-05,4.748391667,0.12074815,0.031390559,5.658341667,0.154253781,0.042082867,31.95,0.202072594,-0.04965035,92.25,0.433012702,-0.052447552,7.977563959,0.846708453
Good,2.323291667,0.089127254,0.022720629,18.58033333,0.181499175,0.008084615,0.455275,0.043545075,0.012414336,0.011983333,0.000761395,-0.000117483,4.894116667,0.171558565,0.047973427,5.8286,0.171017991,0.047423776,31.83333333,0.124721913,-0.013286713,91.83333333,0.552770798,-0.090909091,7.549656563,0.847628314
Good,2.396333333,0.071575512,0.017334266,18.567775,0.170950218,-0.013445105,0.489983333,0.028170961,0.00653986,0.011983333,0.000738053,6.99E-07,5.056558333,0.138479598,0.03685,5.989241667,0.128619876,0.033805245,31.9,0.173205081,0.046853147,91.5,0.645497224,-0.146853147,7.560386667,0.843979567
Good,2.418125,0.051402742,-0.005462587,18.43265833,0.249965526,-0.052654196,0.505075,0.010577738,-0.000657692,0.011983333,0.000439381,8.95E-05,5.149408333,0.072043002,0.01269965,6.082941667,0.078752666,0.016261888,32.03333333,0.159861051,0.038461538,91.08333333,0.276385399,-0.024475524,7.626738596,0.851897125
Good,2.412408333,0.049510411,-0.005934615,18.29225,0.29246882,-0.032446154,0.513691667,0.01778583,0.002992657,0.012275,0.000178536,-5.94E-06,5.228333333,0.108233947,0.017039161,6.170791667,0.123042387,0.021058392,32.01666667,0.288193608,-0.047552448,90.83333333,0.552770798,-0.076923077,7.657323167,0.848161438
Good,2.4068,0.050675931,0.004273427,18.88283333,1.055732867,0.24623007,0.537108333,0.033913013,0.009320629,0.012333333,0.000192931,3.64E-05,5.276425,0.135935298,0.015238112,6.2631,0.153068198,0.029738462,30.9,1.58113883,-0.41048951,88.16666667,4.058598554,-1.006993007,8.783823464,0.820044182
Good,2.366,0.092685544,-0.02042028,19.93030833,1.355991126,0.376024825,0.551991667,0.022495868,0.001161888,0.012441667,0.000155233,2.55E-05,5.17835,0.242253495,-0.053272028,6.228091667,0.194716754,-0.029690559,29.2,2.016597795,-0.570629371,83.5,5.838093296,-1.657342657,9.908781605,0.810003544
Good,2.263283333,0.143454876,-0.040428671,20.95718333,0.634628574,0.129388811,0.539125,0.036588936,-0.010461888,0.012483333,0.000121335,-7.69E-06,5.073566667,0.233128803,-0.037623077,6.208383333,0.217016009,-0.017568531,27.65833333,1.05550804,-0.187762238,77.83333333,4.412734098,-1.230769231,9.848439045,0.803506914
Good,2.154275,0.07986543,-0.017912937,21.05824167,0.415744939,-0.093983566,0.499166667,0.036713992,-0.010485315,0.012483333,0.000121335,8.39E-06,4.996091667,0.143993075,0.026333217,6.202858333,0.210459151,0.041924825,27.95833333,1.351208307,0.318531469,74.25,2.313907229,-0.597902098,9.605510622,0.803303303
Good,2.123233333,0.036046066,0.007622378,20.66813333,0.514334242,-0.143295105,0.4805,0.021372178,-0.000673427,0.012525,0.000163936,2.69E-05,5.102108333,0.147428652,0.029361888,6.341933333,0.190259653,0.034783916,29.08333333,1.51208098,0.406993007,73.75,1.738054468,0.227272727,9.083245998,0.813464384
Good,2.161966667,0.049955135,0.013928671,20.14976667,0.359969932,-0.099159441,0.487975,0.026401361,0.007010839,0.012666667,0.00020548,4.55E-05,5.227433333,0.139553492,0.034932168,6.478916667,0.136989561,0.030600699,30.31666667,0.528887722,0.148951049,75.5,2.783882181,0.797202797,8.80326342,0.820590633
Good,2.212891667,0.048722111,0.013332517,19.84270833,0.268335041,-0.061276573,0.505758333,0.017296361,0.003338112,0.0127,0.000212132,6.99E-07,5.359383333,0.145502296,0.038117483,6.591441667,0.141230293,0.035891958,30.775,0.291904665,0.079370629,78.5,2.5,0.713286713,8.617530752,0.818531785
Good,2.261908333,0.043385279,0.011494056,19.7071,0.125779794,0.004990909,0.514383333,0.00285973,-0.000322378,0.012558333,0.000337783,-7.94E-05,5.481841667,0.088745098,0.021668182,6.708091667,0.079105862,0.019483566,31,0.141421356,0.034265734,80.83333333,1.67497927,0.468531469,8.573487153,0.817825618
Good,2.258758333,0.052677596,-0.006682168,19.66046667,0.124052397,-0.001402797,0.483241667,0.04507807,-0.010834615,0.012691667,0.00061841,8.08E-05,5.420133333,0.193909658,-0.038677622,6.631516667,0.211320696,-0.041237063,31.15,0.132287566,0.032167832,82.66666667,1.374368542,0.384615385,9.143893644,0.80984439
Good,2.1993,0.09699555,-0.026797902,19.62064167,0.127985302,-0.027013636,0.432216667,0.065539922,-0.018441259,0.012958333,0.000695771,0.000152098,5.102183333,0.437160451,-0.121055245,6.218366667,0.56587261,-0.155652448,31.34166667,0.239646731,0.066783217,84.5,1.848422751,0.524475524,9.394968124,0.833919059
Good,2.11885,0.07017189,-0.017825175,19.48195833,0.134286587,-0.030879371,0.372308333,0.041110247,-0.011256993,0.013208333,0.000471625,-1.57E-05,4.732116667,0.347100994,-0.088967832,5.723558333,0.494481308,-0.130596154,31.60833333,0.266014828,0.075174825,86.25,1.58771324,0.437062937,9.405167347,0.840727926
Good,2.057408333,0.029096233,-0.00763951,19.33809167,0.158094779,-0.04376958,0.3369,0.019812917,-0.005545455,0.013258333,0.000272208,-1.01E-05,4.437616667,0.104281413,-0.027690909,5.302141667,0.149586182,-0.042462587,31.85833333,0.217785572,0.051398601,87.83333333,1.067187373,0.293706294,9.575280107,0.840445489
Good,2.022483333,0.039599113,-0.010534965,19.09354167,0.262232538,-0.070841608,0.316575,0.016837167,-0.004372378,0.012975,0.000385411,-5.07E-05,4.378758333,0.110144431,-0.008311538,5.207141667,0.127881902,-0.011873077,31.88333333,0.172401341,-0.023076923,89.5,1.755942292,0.48951049,9.308973585,0.843385855
Good,2.017183333,0.034023468,0.003122378,18.84500833,0.266104013,-0.072578671,0.3163,0.016686072,0.001894406,0.013191667,0.000478641,1.99E-05,4.464575,0.200374616,0.048177972,5.310891667,0.24027046,0.057984965,31.95833333,0.217785572,0.008741259,90.41666667,1.255543264,0.185314685,8.951033413,0.836286322
Good,2.045316667,0.055523536,0.015835664,18.5807,0.210844145,-0.055223776,0.331658333,0.02749171,0.007875874,0.013241667,0.000545372,0.000101049,4.642066667,0.221968524,0.059714685,5.5287,0.270804339,0.07313007,32.05833333,0.281242284,0.077272727,90.75,0.829156198,-0.199300699,8.57659394,0.840657155
Good,2.109625,0.054685466,0.015398951,18.3704,0.199636081,-0.052317483,0.367533333,0.031318667,0.008974126,0.013566667,0.000271825,-1.61E-05,4.840583333,0.112366282,0.031127273,5.787933333,0.158278775,0.043761538,32.3,0.152752523,0.039160839,90.5,0.5,0.041958042,8.199172919,0.827272727
Good,2.178016667,0.066689152,0.018925874,18.17478333,0.169644151,-0.042561538,0.409225,0.042577246,0.012079371,0.013425,0.000349106,-4.86E-05,5.017183333,0.182840485,0.050574825,6.015908333,0.230147081,0.063968881,32.44166667,0.09537936,0.026223776,90.83333333,0.687184271,0.181818182,7.850907497,0.844594488
Good,2.2663,0.088642108,0.025227273,18.12029167,0.168967825,0.011901049,0.460066667,0.047909139,0.013327273,0.013441667,0.000304024,1.08E-05,5.233475,0.228493618,0.064710839,6.270641667,0.253490179,0.07210035,32.45833333,0.103749163,-0.003846154,91.91666667,1.114924013,0.29020979,7.673108891,0.831446085
Good,2.358133333,0.082286414,0.023263636,18.28008333,0.295628657,0.076541958,0.503308333,0.036924596,0.009716434,0.013491667,0.000325214,7.38E-05,5.490241667,0.210034499,0.059421329,6.549275,0.218432893,0.062236713,32.30833333,0.259673941,-0.068881119,93.16666667,1.462494065,0.412587413,7.585515362,0.84447565
Good,2.4403,0.061263284,0.016845455,18.42620833,0.23108751,0.03686958,0.549475,0.036123956,0.009673776,0.013633333,0.000197203,1.12E-05,5.766875,0.2425315,0.067572378,6.80125,0.21835113,0.06151049,32.18333333,0.219215774,-0.025874126,93.91666667,0.953793595,0.066433566,7.272567406,0.864766817
Good,2.497241667,0.047572129,0.012495455,18.54865833,0.116938791,0.00102972,0.57475,0.029338641,0.006890909,0.013583333,0.000211476,-2.52E-05,5.9533,0.164640766,0.039195804,6.95235,0.125405805,0.02596993,32.19166667,0.232588096,0.049300699,93.75,1.089724736,-0.213286713,7.372129722,0.864766817
Good,2.5288,0.031240865,0.005646154,18.60511667,0.168367944,0.046268531,0.595183333,0.006878085,0.000362238,0.013508333,0.000225308,-9.44E-06,6.091275,0.058430587,0.010059091,7.047525,0.051376034,0.004651399,32.175,0.245373864,-0.027622378,93.5,0.866025404,0.027972028,7.396434599,0.871262144
Stale,2.547775,0.009266978,0.001756993,18.76148333,0.15055112,0.041620979,0.598033333,0.006728216,0.001734965,0.013491667,0.000217786,8.74E-06,6.128508333,0.070545594,0.015868182,7.069766667,0.062399831,0.015352448,32.08333333,0.257660414,-0.063636364,93.58333333,0.759202798,0.164335664,7.390582256,0.863341324
Stale,2.554933333,0.011537716,0.003082517,18.88091667,0.065475604,0.016735664,0.606466667,0.010567902,0.002722378,0.013283333,0.00043748,-7.90E-05,6.12405,0.081604121,-0.012268531,7.0391,0.108907514,-0.021034965,31.925,0.04330127,0.001748252,94,0,-7.86E-16,7.384941466,0.878121627
Stale,2.571366667,0.014303923,0.003722378,19.002125,0.116726233,0.028477273,0.625675,0.0221431,0.005735315,0.0135,0.000595819,5.17E-05,6.018075,0.153028985,-0.042546503,6.914091667,0.176285916,-0.048621329,31.86666667,0.102740233,-0.018881119,94,0,-7.86E-16,7.373430395,0.867693641
Stale,2.617266667,0.062944596,0.016316783,19.77359167,1.176652935,0.281654895,0.665741667,0.047992785,0.013134615,0.012891667,0.001396101,-0.00017028,5.838725,0.166785542,-0.046368182,6.6748,0.215519755,-0.05943986,31.55,0.545435606,-0.131468531,89.25,10.23983236,-1.954545455,7.964850163,0.876650679
Stale,2.694225,0.097006332,0.026554196,20.90615,1.439404053,0.387497902,0.711083333,0.046920693,0.011096503,0.01225,0.00167556,-0.000398601,5.709141667,0.137455626,-0.016902448,6.53015,0.167244006,-0.024446853,30.60833333,1.285469002,-0.29965035,83.25,11.15141994,-2.269230769,7.786136502,0.88208419
Stale,2.80335,0.102702747,0.02851049,22.09464167,0.868881591,0.204342308,0.727808333,0.029384221,-0.002070979,0.01125,0.001021845,-0.000104196,5.771283333,0.203391387,0.043246853,6.562716667,0.205519346,0.047583217,30.26666667,1.050661167,-0.029370629,79.25,8.387739068,-0.003496503,7.771881482,0.881436703
Stale,2.734083333,0.235096699,-0.038771329,22.23970833,0.687335066,-0.08768007,0.618266667,0.187744646,-0.04408951,0.01085,0.000320156,-5.03E-05,5.479208333,0.674158985,-0.11453042,6.288266667,0.666277903,-0.116126573,30.45,1.18074835,0.293006993,82.16666667,5.828569483,1.587412587,8.9992633,0.844749586
Stale,2.605316667,0.267902186,-0.061994406,21.80534167,0.873663298,-0.205916434,0.4874,0.184615646,-0.041932867,0.010883333,0.000413991,-1.54E-05,5.049225,0.815203131,-0.204068182,5.825958333,0.830437034,-0.211833217,31.375,0.564394956,0.145104895,87.41666667,4.462031177,1.185314685,8.687115807,0.860953317
Stale,2.457883333,0.152380515,-0.00676014,21.32478333,0.579931826,-0.058755944,0.37895,0.102236234,-0.00537972,0.010891667,0.000431003,6.61E-05,4.501858333,0.456469259,-0.063868881,5.250491667,0.470265366,-0.075382867,31.75833333,0.337782803,0.055594406,91,2.614064524,0.58041958,8.595327137,0.860953317
Stale,2.457183333,0.047074955,0.010557343,21.1922,0.200897341,0.032960839,0.375758333,0.014789549,0.003675175,0.011016667,0.000291071,-5.59E-06,4.369658333,0.022567324,0.002074476,5.071983333,0.027468947,-0.004397902,31.89166667,0.02763854,-0.00034965,92.5,0.645497224,0.160839161,8.489604694,0.869342527
Stale,2.487908333,0.025539625,0.004295455,21.25725,0.140415274,-0.004142657,0.388075,0.011058867,0.002524126,0.010983333,0.000157233,-2.94E-05,4.374358333,0.044585264,0.001603846,5.056641667,0.048851722,-0.003493357,31.91666667,0.068718427,0.013286713,92.83333333,0.372677996,5.57E-15,8.421883545,0.870354934
Stale,2.527283333,0.052521263,0.013174126,21.36069167,0.218593471,0.03654021,0.4071,0.02465093,0.006495804,0.010958333,0.000103749,2.13E-05,4.435858333,0.096038573,0.021287762,5.110641667,0.105523816,0.02225979,31.86666667,0.131233465,-0.01958042,93.08333333,0.493006649,0.045454545,8.227000917,0.873074707
Stale,2.59075,0.081290041,0.022331469,21.368075,0.220407067,0.013124825,0.442475,0.041792725,0.011906643,0.011108333,0.000201901,5.42E-05,4.516591667,0.114055823,0.029537413,5.184591667,0.115659129,0.02760035,31.88333333,0.15184056,0.000699301,93,0.577350269,-0.020979021,7.833923419,0.878114213
Stale,2.6919,0.093704954,0.026267133,21.50051667,0.178625534,0.005857343,0.484891667,0.038208713,0.010666783,0.011241667,0.000155233,2.62E-05,4.659625,0.113814404,0.030695455,5.319125,0.098127282,0.024483566,31.91666667,0.172401341,0.040559441,92.75,0.721687836,-0.178321678,7.666229761,0.882676878
Stale,2.769666667,0.073766968,0.01868042,21.54535,0.206241402,0.054962238,0.5142,0.016172404,0.003595804,0.01135,8.66E-05,4.90E-06,4.756366667,0.107867151,0.028330769,5.410175,0.110718668,0.030489161,32.03333333,0.102740233,0.016083916,92.25,0.433012702,-0.094405594,7.698076443,0.874795833
Stale,2.803091667,0.024500016,-0.00335979,21.70101667,0.066989126,0.016974126,0.514016667,0.016194383,-0.00396014,0.011333333,9.43E-05,-5.59E-06,4.818816667,0.043244977,0.000755944,5.484216667,0.041194353,0.005095804,32.075,0.059511904,-0.001048951,92.33333333,0.471404521,0.111888112,7.92550757,0.87623571
Stale,2.784608333,0.033676808,-0.009389161,21.7535,0.039144348,0.006005594,0.498683333,0.020385364,-0.00571958,0.011258333,0.000160511,-4.23E-05,4.792033333,0.057288762,-0.014567133,5.471325,0.053550414,-0.013794755,32.08333333,0.05527708,0.001398601,92.58333333,0.493006649,0.08041958,7.93185385,0.873515583
Stale,2.753441667,0.021709539,-0.005845804,21.78363333,0.044567801,0.008534266,0.479591667,0.01274601,-0.003508741,0.011133333,0.000164992,-3.64E-05,4.727241667,0.06801618,-0.01873042,5.413416667,0.06729076,-0.018940559,32.1,0.040824829,0.006993007,92.91666667,0.276385399,-0.003496503,8.004291685,0.874901044
Stale,2.721966667,0.03096141,-0.00840979,21.8138,0.044641125,0.006644755,0.461308333,0.018140446,-0.005059091,0.011066667,0.00010274,-2.53E-19,4.6441,0.07535308,-0.021153147,5.331116667,0.074187823,-0.020984615,32.125,0.04330127,0.006643357,92.91666667,0.276385399,0.024475524,8.203187847,0.869896581
Stale,2.671841667,0.058025547,-0.016464685,21.8289,0.044691834,-0.001574825,0.436058333,0.027737654,-0.007970979,0.011066667,0.00010274,5.59E-06,4.533716667,0.11275454,-0.031886014,5.217116667,0.122960724,-0.035059441,32.14166667,0.049300665,0.004545455,93.25,0.433012702,0.094405594,8.486485432,0.869761947
Stale,2.611825,0.057298911,-0.016337413,21.82893333,0.058007921,-0.006015385,0.408625,0.023913181,-0.006764685,0.011091667,6.40E-05,-3.50E-07,4.407783333,0.122370883,-0.035203497,5.07275,0.143611185,-0.04138042,32.15,0.05,0.001398601,93.58333333,0.493006649,0.122377622,8.573699989,0.868248018
Stale,2.552333333,0.042657616,-0.011632867,21.85988333,0.169431234,0.017757343,0.381125,0.020857498,-0.005895455,0.010908333,0.000262864,-6.05E-05,4.284908333,0.091167222,-0.025077972,4.932,0.108936289,-0.029138462,32.16666667,0.047140452,0.006993007,93.91666667,0.276385399,0.038461538,8.869573832,0.864704316
Stale,2.510883333,0.03679173,-0.009531469,21.92091667,0.206452278,0.021474825,0.360541667,0.019142468,-0.005415035,0.010725,0.000268095,-6.47E-05,4.190833333,0.077939435,-0.020503497,4.81895,0.090860053,-0.023002797,32.18333333,0.0372678,0.006293706,94.33333333,0.471404521,0.111888112,8.895424833,0.868536653
Stale,2.465691667,0.039995551,-0.010327622,21.80873333,0.29874398,-0.048618182,0.343666667,0.010040114,-0.002771329,0.010633333,0.000143372,3.01E-05,4.098325,0.086748546,-0.022542308,4.701908333,0.118261402,-0.030218531,32.2,7.11E-15,5.90E-16,94.66666667,0.471404521,0.111888112,8.920448874,0.873478469
Stale,2.428183333,0.038283957,-0.010072028,21.702825,0.259620364,-0.045723427,0.330741667,0.010824698,-0.00298007,0.0106,0.000173205,-6.99E-06,4.036008333,0.06428252,-0.014051399,4.612658333,0.091079566,-0.021265385,32.2,7.11E-15,5.90E-16,95,0,4.01E-15,9.078743127,0.881620833
Stale,2.394933333,0.020384812,-0.005232867,21.5819,0.138851725,0.018172727,0.322091667,0.00896516,-0.002331119,0.010675,0.000192029,-3.85E-06,3.971,0.046079008,-0.009942657,4.512675,0.069995894,-0.016502448,32.2,7.11E-15,5.90E-16,95,0,4.01E-15,9.12584688,0.887799963
Stale,2.369991667,0.022990486,-0.006043706,21.52295,0.194064781,-0.03418042,0.313808333,0.003852371,-0.000988462,0.010758333,0.000306753,7.73E-05,3.90825,0.084102978,-0.023537063,4.429841667,0.104582738,-0.029566084,32.2,7.11E-15,5.90E-16,95,0,4.01E-15,9.097358745,0.874602696
Stale,2.343633333,0.027824699,-0.007821678,21.45600833,0.168919214,-0.027182168,0.305125,0.011394745,-0.003015734,0.0108,0.000339116,-2.31E-05,3.812833333,0.090340092,-0.02583007,4.336241667,0.071674885,-0.019061888,32.2,7.11E-15,5.90E-16,95,0,4.01E-15,9.343752717,0.857921835
Stale,2.309633333,0.029673904,-0.008470629,21.38153333,0.067051489,0.012657343,0.292241667,0.014412001,-0.004028322,0.01065,0.000409268,-9.44E-05,3.710016667,0.088580452,-0.025293007,4.256616667,0.060829555,-0.015839161,32.2,7.11E-15,5.90E-16,95,0,4.01E-15,9.473252114,0.863400632
Stale,2.282283333,0.024090034,-0.00664965,21.41091667,0.043680389,-0.002168531,0.28035,0.008984477,-0.002237063,0.010341667,0.000281242,-5.98E-05,3.645783333,0.057641967,-0.01335035,4.201758333,0.063060136,-0.016450699,32.2,7.11E-15,5.90E-16,95,0,4.01E-15,9.477231406,0.877816164
Stale,2.272816667,0.029756647,0.002214685,21.34489167,0.097355795,-0.020932517,0.280333333,0.015058183,0.002224476,0.01015,0.000132288,-3.57E-05,3.626258333,0.043265873,0.00566049,4.165566667,0.057432298,-0.002392308,32.21666667,0.0372678,0.006993007,95,0,4.01E-15,9.013380755,0.871423245
Stale,2.328483333,0.086078015,0.020641259,21.308125,0.081324065,-0.010795455,0.302908333,0.033896594,0.008031119,0.010016667,0.000114261,-3.01E-05,3.726391667,0.134247908,0.033767483,4.271341667,0.171861812,0.041722727,32.25,0.05,0.012587413,95,0,4.01E-15,8.888424917,0.864712966
Stale,2.348725,0.075648233,0.003880769,21.24221667,0.066949419,-0.003667133,0.31125,0.028609803,0.000830769,0.009958333,8.62E-05,3.50E-07,3.771758333,0.112487077,0.010458392,4.324883333,0.152389248,0.015877622,32.28333333,0.0372678,0.006993007,95,0,4.01E-15,9.271069316,0.879605481
Stale,2.342408333,0.076657109,-0.021284266,21.22764167,0.07444916,-0.015946503,0.309058333,0.027373998,-0.007395455,0.009975,0.000108972,1.78E-05,3.767991667,0.112715589,-0.031549301,4.31125,0.162110675,-0.045258042,32.30833333,0.02763854,0.003846154,95,0,4.01E-15,9.356594276,0.884823123
Stale,2.290225,0.028886304,-0.004924126,21.154775,0.066616679,-0.012812238,0.291983333,0.00746981,-0.000805594,0.010008333,9.54E-05,3.85E-06,3.692008333,0.053874769,-0.00881014,4.188925,0.094344503,-0.021201049,32.3,0.040824829,-0.002097902,95,0,4.01E-15,9.190727031,0.891077218
Stale,2.280416667,0.013116391,0.002888112,21.08235,0.089173384,-0.022453147,0.291183333,0.005465777,0.001406294,0.009841667,0.000317433,-7.38E-05,3.664766667,0.022684846,0.003416783,4.135358333,0.021063533,0.002417133,32.29166667,0.049300665,-0.005944056,95,0,4.01E-15,9.157227199,0.887811467
Stale,2.293525,0.010820207,0.002579371,21.01723333,0.065697683,-0.014225874,0.298075,0.005858203,0.001553497,0.009591667,0.000345105,-8.57E-05,3.680608333,0.0198916,0.002566783,4.145708333,0.014513239,0.002859091,32.16666667,0.164991582,-0.03986014,95,0,4.01E-15,9.073496269,0.891077218
Stale,2.30235,0.012630684,0.001786713,21.00288333,0.080100092,0.00517972,0.304258333,0.006608512,0.001761189,0.009358333,0.00019347,-2.69E-05,3.689191667,0.020343527,0.004475175,4.1606,0.01606269,0.004254545,32.03333333,0.18408935,-0.048951049,95,0,4.01E-15,9.157227199,0.883725935
Stale,2.310366667,0.018507671,0.001848252,21.060925,0.130211374,0.022836014,0.309675,0.004135844,0.000997552,0.009308333,2.76E-05,3.85E-06,3.700216667,0.015129928,0.001642657,4.166533333,0.012312821,0.001244755,31.9,0.070710678,-0.012587413,95,0,4.01E-15,9.097358745,0.891077218
Stale,2.325583333,0.025174552,0.005026573,21.23624167,0.224709896,0.055509441,0.314066667,0.003351948,0.000839161,0.009341667,4.93E-05,1.22E-05,3.705133333,0.011016452,-0.000105594,4.171,0.00887412,-0.001699301,31.875,0.04330127,-0.001748252,95,0,4.01E-15,9.130690033,0.891077218
Stale,2.34175,0.024273734,0.005637063,21.41959167,0.214137341,0.054242308,0.317566667,0.004105552,0.001163636,0.009375,4.33E-05,9.44E-06,3.695325,0.019910137,-0.002876573,4.151683333,0.025468046,-0.004970629,31.88333333,0.0372678,0.002097902,95,0,4.01E-15,9.163702571,0.891639817
Stale,2.347125,0.020237059,-0.002914336,21.55191667,0.108880407,0.001951748,0.318775,0.003268059,-0.000272378,0.0094,1.73E-18,3.78E-19,3.697808333,0.02317619,0.000314336,4.142791667,0.026984763,-0.004236713,31.90833333,0.049300665,0.008741259,95,0,4.01E-15,9.309424881,0.899056007
Stale,2.324016667,0.036913431,-0.009870629,21.45633333,0.199469615,-0.045483916,0.315575,0.005938592,-0.001629021,0.009466667,9.43E-05,2.24E-05,3.700291667,0.025778624,0.004127622,4.127966667,0.02288942,-0.000252448,31.91666667,0.0372678,2.18E-16,95,0,4.01E-15,9.356594276,0.898497238
Stale,2.28695,0.039078202,-0.010765734,21.26575,0.246537974,-0.06488042,0.309941667,0.005261885,-0.001441608,0.00955,0.000111803,2.87E-05,3.692983333,0.032789044,-0.005851748,4.098825,0.048153074,-0.011264685,31.93333333,0.047140452,0.001398601,95,0,4.01E-15,9.364527188,0.903957049
Stale,2.254608333,0.020852516,-0.005661888,21.08976667,0.118347908,-0.02406014,0.306066667,0.00219899,-0.000503497,0.00965,5.00E-05,1.19E-05,3.668558333,0.036836383,-0.008712238,4.063816667,0.044747436,-0.010253147,31.99166667,0.103749163,0.025524476,94.83333333,0.372677996,-0.055944056,9.40726654,0.900377808
Stale,2.244258333,0.008812629,0.000396154,21.017225,0.065554267,-0.004570979,0.3066,0.003695042,0.000693706,0.009683333,3.73E-05,6.29E-06,3.653925,0.033909097,0.002602448,4.039216667,0.040071058,0.002693007,32.03333333,0.084983659,0.00979021,94.83333333,0.372677996,-1.18E-18,9.279793428,0.901837396
Stale,2.235191667,0.032056447,-0.002880769,20.847725,0.305180032,-0.066554895,0.309816667,0.006850892,0.001011189,0.009691667,2.76E-05,-3.15E-06,3.6861,0.065623929,0.011991608,4.084783333,0.077989795,0.015752448,32.15833333,0.1381927,0.024825175,94.66666667,0.471404521,0.013986014,9.320247548,0.89190307
Stale,2.207925,0.050360933,-0.012164685,20.54580833,0.411391092,-0.10948986,0.306683333,0.01004306,-0.001879021,0.009691667,2.76E-05,-3.50E-07,3.675416667,0.079539527,-0.00928951,4.083516667,0.085155621,-0.003961538,32.28333333,0.207498327,0.057342657,94.83333333,0.372677996,0.013986014,9.324054739,0.897808004
Stale,2.182858333,0.041162371,-0.006251399,20.32689167,0.260790709,-0.026398951,0.30065,0.011615471,-0.002672727,0.009633333,0.000110554,-1.40E-05,3.596641667,0.137803831,-0.038381469,4.009591667,0.147882095,-0.04141993,32.35,0.160727513,-0.012587413,94.83333333,0.372677996,0.06993007,9.308333709,0.899227218
Stale,2.192808333,0.043972519,0.011755594,20.28395833,0.13566427,0.032114336,0.302266667,0.013635269,0.003042657,0.009633333,0.000110554,1.40E-06,3.514683333,0.077902758,-0.011536364,3.921866667,0.090995159,-0.014069231,32.33333333,0.174801475,-0.025174825,95,0,4.01E-15,8.980270123,0.898289094
Stale,2.237308333,0.049841105,0.013987063,20.3597,0.074510458,0.001716783,0.314875,0.018470929,0.005188462,0.009633333,0.000110554,2.38E-05,3.496841667,0.055211856,0.01515979,3.900483333,0.062502171,0.017065035,32.35833333,0.197730175,0.03951049,95,0,4.01E-15,8.74032696,0.897056988
Stale,2.297708333,0.04835286,0.013623427,20.35269167,0.053235381,-0.009014336,0.337416667,0.018570623,0.005207692,0.009691667,2.76E-05,3.85E-06,3.556183333,0.049679168,0.013922378,3.981433333,0.072405816,0.020267832,32.50833333,0.189113429,0.050699301,95,0,4.01E-15,8.500524391,0.888628256
Stale,2.355291667,0.058457327,0.016867483,20.31114167,0.053183291,-0.011327622,0.35845,0.021327467,0.006116084,0.0097,0,4.33E-19,3.6219,0.068405263,0.019432867,4.069108333,0.089702503,0.02586049,32.65,0.064549722,0.016083916,95,0,4.01E-15,8.303704611,0.890227132
Stale,2.419108333,0.05324629,0.01534021,20.318225,0.092338229,0.007633916,0.381516667,0.018866586,0.005388112,0.009691667,2.76E-05,-3.85E-06,3.70235,0.078089836,0.021736364,4.172225,0.087765968,0.024589161,32.69166667,0.02763854,0.003846154,95,0,4.01E-15,8.204341761,0.886073569
Stale,2.484666667,0.055844536,0.016053846,20.83479167,0.801490836,0.200641608,0.413533333,0.03290829,0.009086713,0.009608333,0.000125554,-3.11E-05,3.753883333,0.047493628,0.007865035,4.247391667,0.060954183,0.015162587,31.825,1.394707257,-0.328321678,94.08333333,1.705790791,-0.367132867,8.77431649,0.878129132
Stale,2.549783333,0.060092953,0.017318881,21.9257,1.349943948,0.386636364,0.454291667,0.043677825,0.012575175,0.009541667,0.000125554,-2.27E-05,3.790275,0.040544772,0.003036713,4.310825,0.057006946,0.012181469,30.19166667,2.109683362,-0.591958042,90.75,4.54835135,-1.248251748,9.12443533,0.872023476
Stale,2.614833333,0.051827556,0.014926573,23.36654167,1.22542355,0.351820629,0.502366667,0.039498467,0.011387413,0.0096,0.000244949,5.03E-05,3.823758333,0.066330642,0.016152797,4.374491667,0.080515128,0.021495455,28.225,1.532495242,-0.419230769,85.91666667,5.171368828,-1.472027972,9.294017407,0.874877875
Stale,2.50725,0.19863629,-0.041683916,23.50234167,1.03014399,-0.121808741,0.5277,0.020932949,0.003375524,0.00965,0.000229129,1.96E-05,3.836575,0.067106273,0.00200035,4.455716667,0.099623389,0.024362937,26.94166667,0.696967638,-0.195454545,79.33333333,6.101001739,-1.524475524,9.826022301,0.830446284
Stale,2.39755,0.198132344,-0.042237762,23.0701,1.190100151,-0.279313986,0.539066667,0.012475465,-0.000646853,0.009733333,0.000201384,-2.10E-06,3.891291667,0.085070103,0.011384965,4.614066667,0.173041894,0.044730769,26.31666667,0.421966297,-0.113986014,76.16666667,4.469029226,-0.622377622,9.587565901,0.823552305
Stale,2.267783333,0.036644755,0.006511888,22.13676667,0.335195819,-0.055948951,0.542475,0.013371059,0.002738811,0.009675,0.000108972,8.74E-06,3.949366667,0.133162997,0.033446853,4.8021,0.236140255,0.061875524,25.83333333,0.392286743,-0.108391608,73.66666667,3.299831646,-0.013986014,9.535231405,0.799431872
Stale,2.328583333,0.069105268,0.014495105,22.32741667,0.549859877,0.067313287,0.558991667,0.018619723,0.005319231,0.009683333,7.99E-05,-1.47E-05,4.16765,0.230449295,0.060005594,5.178158333,0.384577312,0.101957692,25.425,0.404402852,-0.115034965,73.33333333,1.885618083,-0.475524476,9.481722806,0.783487418
Stale,2.377941667,0.075216836,0.018710839,22.5624,0.563597844,0.128756643,0.581808333,0.0218988,0.00613042,0.009616667,7.99E-05,-1.75E-05,4.353175,0.229135877,0.059528322,5.48175,0.359074239,0.091817483,25.01666667,0.279384244,-0.08041958,72,1.154700538,-0.195804196,9.353306536,0.786564066
Stale,2.422908333,0.05367393,0.003989161,22.79626667,0.428731731,-0.028530769,0.591816667,0.01303865,0.000918182,0.009575,8.29E-05,-8.74E-06,4.531041667,0.126998284,0.024261888,5.758225,0.174691548,0.032722028,25.64166667,1.240603572,0.271678322,70.66666667,1.433720878,-0.272727273,8.938728001,0.782932023
Stale,2.51315,0.129261321,0.030934266,22.82606667,0.327370876,-0.009723776,0.606583333,0.017645955,0.002423077,0.009633333,0.000149071,2.66E-05,4.739966667,0.278437229,0.072840559,6.00485,0.326218645,0.086270629,26.96666667,1.842703328,0.514685315,71.25,2.046338193,0.227272727,8.380529672,0.802237909
Stale,2.633508333,0.166088578,0.046252098,22.76216667,0.321365846,0.005632867,0.624083333,0.031030276,0.008837762,0.009641667,0.000239647,-4.55E-06,5.013508333,0.336478539,0.094791259,6.299308333,0.354588382,0.097242308,28.63333333,1.182746333,0.318881119,73,3.341656276,0.93006993,8.032398174,0.813464384
Stale,2.78375,0.08101378,0.022682517,22.744525,0.203797825,-0.052975175,0.656091667,0.024761343,0.007003147,0.009566667,0.000283823,-6.36E-05,5.319716667,0.207679905,0.056346853,6.586508333,0.162880153,0.040187762,29.55833333,0.488975687,0.131818182,76.41666667,2.660148283,0.758741259,7.806797164,0.826440354
Stale,2.849475,0.040581792,0.010166783,22.4849,0.271082985,-0.072314685,0.67535,0.011878026,0.002811189,0.009416667,0.000230338,-3.57E-05,5.454325,0.105595037,0.018181469,6.658816667,0.086721968,-8.32E-05,30.05,0.322748612,0.091608392,78.83333333,1.724013405,0.482517483,7.663811265,0.828474298
Stale,2.882916667,0.01558369,0.003783916,22.24315833,0.241638037,-0.065356993,0.682041667,0.00235282,-0.000381469,0.009325,4.33E-05,-5.24E-06,5.511633333,0.071894023,0.001986713,6.664558333,0.0841591,-0.008068182,30.39166667,0.306752705,0.084965035,80.58333333,1.320248293,0.367132867,7.530448826,0.838783706
Stale,2.893908333,0.014023876,0.00292972,21.981625,0.194203069,-0.050794056,0.678933333,0.010167131,-0.001624476,0.009341667,8.62E-05,4.55E-06,5.5156,0.067318237,0.005458741,6.632583333,0.070154482,-0.000788811,30.7,0.204124145,0.055244755,82,1.354006401,0.384615385,7.506096505,0.838783706
Stale,2.887866667,0.021889432,-0.004072028,21.83735833,0.184454427,-0.039350699,0.663266667,0.02134406,-0.00520979,0.009408333,0.000138193,3.32E-05,5.541558333,0.041614209,0.005887063,6.652391667,0.04234073,0.00318986,30.76666667,0.137436854,-0.011888112,83.83333333,1.771690969,0.503496503,7.56497832,0.835099798
Stale,2.878116667,0.022163853,-0.003482517,21.67156667,0.14821208,-0.026974825,0.653708333,0.018147013,-0.002589161,0.009491667,0.000132025,2.69E-05,5.568075,0.047403764,0.01009965,6.663958333,0.042320237,0.006796853,30.69166667,0.193469779,-0.048601399,85.58333333,1.656217243,0.451048951,7.482155254,0.841127779
Stale,2.883058333,0.028608375,0.006466084,21.62661667,0.136412266,-0.015144056,0.6523,0.014219353,0.004088811,0.009516667,0.000121335,-1.12E-05,5.621675,0.0601857,0.014578671,6.707641667,0.046285481,0.007474476,30.575,0.116368667,-0.007342657,87.08333333,0.953793595,0.241258741,7.361635539,0.84418615
Stale,2.91515,0.038464453,0.010476923,21.633875,0.106464119,0.024754196,0.665458333,0.011260511,0.003079371,0.009433333,0.000143372,-3.01E-05,5.677891667,0.059195558,0.015347902,6.754833333,0.061694075,0.01499021,30.58333333,0.106718737,0.024475524,87.91666667,0.640095479,0.136363636,7.35444023,0.846578123
Stale,2.900383333,0.078401561,-0.012884615,21.589525,0.160725403,-0.028313636,0.641875,0.059818533,-0.011917832,0.009383333,0.000106719,-9.79E-06,5.660266667,0.114848192,-0.020093706,6.749458333,0.091426085,-0.01368986,30.68333333,0.121335165,0.029370629,88.5,0.5,0.111888112,7.963039165,0.819695125
Stale,2.735516667,0.24031438,-0.065635664,21.32794167,0.427851979,-0.113954196,0.553716667,0.120000339,-0.032970629,0.009383333,7.99E-05,1.75E-05,5.392933333,0.384112003,-0.103752448,6.543875,0.310783164,-0.084734615,30.78333333,0.09860133,0.025174825,89.33333333,0.942809042,0.237762238,8.861884973,0.785985357
Stale,2.498575,0.253902856,-0.06970035,20.58869167,0.814764609,-0.224985664,0.468333333,0.090781426,-0.020039161,0.009383333,7.99E-05,-1.05E-05,4.898,0.545341355,-0.154051748,6.028775,0.580219851,-0.162149301,30.94166667,0.184654332,0.046503497,90.41666667,1.187317237,0.332167832,8.487961686,0.808798582
Stale,2.354441667,0.099218668,-0.004189161,20.00136667,0.642794317,-0.144152448,0.435741667,0.038077672,0.009336014,0.009375,8.29E-05,-6.64E-06,4.533366667,0.284304014,-0.050930769,5.632183333,0.377197006,-0.07541958,31.16666667,0.265622958,0.074125874,91.41666667,0.759202798,0.192307692,8.098054408,0.813270362
Stale,2.379758333,0.108538983,0.030615734,19.66809167,0.21561203,0.032919231,0.471283333,0.04087768,0.011353147,0.009358333,4.93E-05,1.22E-05,4.436183333,0.150045487,0.042356643,5.458725,0.149900129,0.04125979,31.4,0.212132034,0.055244755,92.25,0.595119036,0.15034965,7.876319455,0.818993621
Stale,2.47135,0.065323547,0.016692308,19.74743333,0.15434426,0.021177622,0.507866667,0.021729984,0.005947552,0.009425,8.29E-05,1.78E-05,4.523341667,0.074635106,0.008993357,5.520091667,0.09253389,0.001096853,31.46666667,0.124721913,-0.013986014,92.91666667,0.862006703,0.22027972,7.80142823,0.830478692
Stale,2.484183333,0.068465598,-0.009758042,19.61676667,0.32489108,-0.073848951,0.482391667,0.074866909,-0.013773077,0.00945,8.66E-05,6.29E-06,4.551158333,0.050873675,-0.005916434,5.5221,0.084293446,-0.014029371,31.33333333,0.24267033,-0.061538462,93.91666667,0.953793595,0.248251748,8.153241731,0.825033574
Stale,2.420516667,0.104435641,-0.026463636,19.284225,0.423538936,-0.113868182,0.438616667,0.083370127,-0.018413287,0.009466667,9.43E-05,-2.80E-06,4.552733333,0.050985134,0.010625874,5.49305,0.050537536,0.008068531,31.225,0.178535711,-0.015034965,94.58333333,0.759202798,0.164335664,8.087805922,0.833843181
Stale,2.3633,0.077377688,-0.01075035,18.95295,0.272938078,-0.057826573,0.401341667,0.054470091,-0.000352797,0.009483333,9.86E-05,1.19E-05,4.585891667,0.043586742,0.008725524,5.517016667,0.041735493,0.0078,31.28333333,0.222984803,0.05034965,94.91666667,0.276385399,-0.038461538,7.934094052,0.83141278
Stale,2.353008333,0.042681504,0.01144021,18.90708333,0.172399777,0.032923776,0.410825,0.024511498,0.006831119,0.009516667,9.86E-05,1.19E-05,4.601741667,0.034416795,-0.00098986,5.53675,0.034185852,0.002227273,31.475,0.183143841,0.050699301,94.83333333,0.372677996,-0.048951049,7.966145065,0.825547046
Stale,2.379275,0.02780375,0.004625524,18.97065833,0.168442149,0.031129021,0.4291,0.009814955,0.002269231,0.009516667,9.86E-05,-1.19E-05,4.576383333,0.044184817,-0.010425175,5.532325,0.032104857,-0.003315734,31.61666667,0.079930525,0.02027972,94.5,0.5,-0.104895105,8.003413973,0.822118891
Stale,2.399591667,0.019211562,0.001712937,19.150625,0.209841897,0.032532517,0.435975,0.003700479,0.000297552,0.009516667,9.86E-05,-6.99E-07,4.55915,0.056739617,-0.002467832,5.5552,0.084267164,0.008255245,31.675,0.04330127,0.008041958,94.25,0.433012702,-0.094405594,8.075719517,0.808823529
Stale,2.394958333,0.022413555,0.001025524,19.182775,0.200120739,0.029812937,0.43695,0.004035571,0.000183916,0.009516667,9.86E-05,1.47E-05,4.519983333,0.061982845,-0.004986014,5.5246,0.097799744,-0.005596503,31.69166667,0.02763854,0.003846154,93.75,0.433012702,-0.094405594,8.058376479,0.819738223
Stale,2.399641667,0.023977158,-0.000445804,19.29926667,0.183124436,0.018365035,0.4344,0.008333867,-0.001694406,0.009566667,7.45E-05,8.39E-06,4.469483333,0.092705131,-0.020416084,5.470891667,0.128125144,-0.026614336,31.7,0,1.43E-16,93.41666667,0.493006649,-0.122377622,8.166779058,0.815471029
Stale,2.365891667,0.047455057,-0.008715734,19.30538333,0.144480061,0.021053147,0.417508333,0.022898889,-0.006117133,0.009591667,6.40E-05,1.08E-05,4.353508333,0.114638173,-0.03167028,5.326266667,0.126916064,-0.035042657,31.70833333,0.02763854,0.003846154,93.33333333,0.471404521,0.055944056,8.478998239,0.816788768
Stale,2.317041667,0.069993493,-0.018824126,19.33135,0.133602885,-0.005194406,0.391341667,0.029010586,-0.008255594,0.009608333,2.76E-05,3.50E-07,4.203258333,0.152250646,-0.043737413,5.156983333,0.176728859,-0.050704196,31.70833333,0.02763854,0.001048951,93.66666667,0.623609564,0.153846154,8.669962858,0.81320093
Stale,2.263533333,0.039978105,-0.008593007,19.38395833,0.174159311,0.027727622,0.36485,0.01783669,-0.004872727,0.009608333,2.76E-05,-2.45E-06,4.04505,0.138863389,-0.039140559,4.972,0.168187128,-0.047,31.70833333,0.02763854,-0.001748252,94.33333333,0.623609564,0.153846154,8.816244883,0.817968531
Stale,2.2383,0.010479504,-0.000641958,19.45590833,0.16055396,0.036812937,0.349708333,0.00799661,-0.002151399,0.009625,4.33E-05,9.44E-06,3.904858333,0.103208595,-0.027885664,4.793391667,0.138907568,-0.037405944,31.7,0,1.43E-16,94.75,0.433012702,0.087412587,8.736136471,0.817579874
Stale,2.2366,0.00915478,-0.000641958,19.56738333,0.088271153,0.01242028,0.343316667,0.004342011,-0.001000699,0.009625,4.33E-05,1.05E-06,3.819958333,0.068624467,-0.016468182,4.670133333,0.109581662,-0.027253147,31.7,0,1.43E-16,95,0,4.01E-15,8.816244883,0.819448705
Stale,2.222341667,0.019735225,-0.004457692,19.58713333,0.067398755,0.003893706,0.336083333,0.007775156,-0.001932867,0.009641667,4.93E-05,-3.15E-06,3.74405,0.056599021,-0.014400699,4.556333333,0.077942996,-0.020723077,31.7,0,1.43E-16,95,0,4.01E-15,8.904751003,0.822226257
Stale,2.209775,0.019457609,-0.004779371,19.6269,0.063513778,0.004476923,0.330408333,0.007463294,-0.001820629,0.009641667,4.93E-05,7.34E-06,3.6934,0.061286187,-0.016488112,4.476641667,0.085451453,-0.023192657,31.7,0,1.43E-16,95,0,4.01E-15,8.973117051,0.833747071
Stale,2.188183333,0.015762288,-0.003792308,19.6402,0.067542653,0.003327273,0.322583333,0.004777348,-0.001204895,0.009675,4.33E-05,4.55E-06,3.622916667,0.05859128,-0.015729371,4.367091667,0.100396875,-0.027656294,31.725,0.04330127,0.008741259,95,0,4.01E-15,9.099280905,0.838588838
Stale,2.170275,0.02307398,-0.006421329,19.6534,0.0399,-0.004464336,0.31705,0.006677762,-0.001886713,0.009691667,2.76E-05,3.15E-06,3.573966667,0.054840106,-0.014513986,4.277533333,0.097194559,-0.026183916,31.75,0.05,0.007692308,95,0,4.01E-15,9.177175074,0.842520626
Stale,2.155616667,0.017256778,-0.002774825,19.69380833,0.131788742,0.010154196,0.311933333,0.003714237,-0.000872727,0.0097,0,4.33E-19,3.545358333,0.029608204,-0.001805944,4.213583333,0.047143713,-0.007553846,31.78333333,0.0372678,0.002097902,95,0,4.01E-15,9.181060708,0.846443302
Stale,2.15155,0.01337831,0.001105594,19.71379167,0.128153368,0.005255594,0.309933333,0.001214724,9.51E-05,0.0097,0,4.33E-19,3.531358333,0.033232099,-0.003774476,4.180416667,0.050476196,-0.008386014,31.81666667,0.05527708,0.01048951,95,0,4.01E-15,9.173509622,0.846725938
Stale,2.150758333,0.015012631,-0.00223042,19.74710833,0.115878618,-0.012487762,0.307283333,0.0044708,-0.00105035,0.009716667,5.53E-05,7.69E-06,3.524366667,0.033233526,-0.007324476,4.15505,0.05396668,-0.012975524,31.83333333,0.047140452,0.003496503,95,0,4.01E-15,9.259591871,0.853754075
Stale,2.145925,0.012380706,-0.002147902,19.740175,0.069390118,0.009296154,0.303841667,0.005270904,-0.001238811,0.009766667,9.43E-05,2.10E-05,3.5161,0.018463613,0.001358042,4.123575,0.027353553,-0.005295455,31.86666667,0.047140452,0.003496503,95,0,4.01E-15,9.248434234,0.860542066
Stale,2.143583333,0.017757479,0.000447552,19.8077,0.153723675,0.017829371,0.3,0.003131826,-0.000374825,0.009833333,9.43E-05,2.10E-05,3.527816667,0.028958442,0.003632168,4.113358333,0.037644952,-0.002173776,31.86666667,0.047140452,0.006993007,95,0,4.01E-15,9.29363853,0.864800256
Stale,2.141983333,0.017474402,-0.00078042,19.881675,0.153166533,0.017989161,0.297133333,0.004177586,-0.000827273,0.009891667,6.40E-05,1.08E-05,3.498225,0.066287972,-0.014603846,4.050633333,0.099309636,-0.023829371,31.89166667,0.02763854,0.001048951,95,0,4.01E-15,9.373236783,0.874473854
Stale,2.121641667,0.035335498,-0.009228322,19.80178333,0.224099226,-0.047861538,0.290441667,0.0087122,-0.00245,0.009908333,2.76E-05,3.50E-07,3.42395,0.103359917,-0.029140559,3.937916667,0.147797727,-0.041925175,31.89166667,0.02763854,0.003846154,95,0,4.01E-15,9.433117631,0.879527684
Stale,2.0904,0.034348775,-0.009471329,19.64826667,0.227332493,-0.058437063,0.282491667,0.007852012,-0.002163287,0.009908333,2.76E-05,-2.45E-06,3.341583333,0.058660291,-0.014534965,3.813066667,0.08694211,-0.023013986,31.91666667,0.0372678,0.006993007,95,0,4.01E-15,9.44323742,0.883610707
Stale,2.0625,0.013133672,-0.00341049,19.514475,0.072785348,0.001408042,0.275491667,0.003873297,-0.00104021,0.009966667,0.000110554,2.24E-05,3.320358333,0.027864447,0.004785664,3.759016667,0.025191527,-0.002346853,31.95,0.064549722,0.014685315,95,0,4.01E-15,9.597523973,0.901195669
Stale,2.045941667,0.018002243,-0.004112238,19.54136667,0.147032719,0.010886014,0.270625,0.004987672,-0.00123042,0.01,1.00E-04,1.12E-05,3.320433333,0.035909872,-0.000251049,3.711625,0.070493311,-0.01466049,32,0.070710678,0.014685315,95,0,4.01E-15,9.607546604,0.909726073
Stale,2.057433333,0.030503725,0.004124476,19.528175,0.147168708,-0.020210839,0.27715,0.013215048,0.002648951,0.010033333,7.45E-05,-1.12E-05,3.334608333,0.034046279,-0.001155594,3.722225,0.080706445,0.000619231,32.05833333,0.07592028,0.017132867,95,0,4.01E-15,9.27095544,0.878605612
Stale,2.067325,0.031979398,0.005924126,19.4625,0.163977595,-0.035258042,0.282991667,0.013435243,0.002828322,0.01,1.73E-18,7.10E-20,3.330191667,0.031210454,0.002947902,3.735425,0.088645306,0.019503147,32.125,0.072168784,0.017832168,95,0,4.01E-15,9.277980765,0.879290254
Stale,2.08235,0.013134211,-0.001656643,19.356975,0.056594804,-0.01342972,0.290541667,0.004251952,-0.000741608,0.01,1.73E-18,7.10E-20,3.334458333,0.017360562,-0.002343007,3.778866667,0.03697732,-4.83E-05,32.175,0.04330127,0.009440559,95,0,4.01E-15,9.277980765,0.882759534
Stale,2.102158333,0.040359684,0.008771678,19.28540833,0.076767055,-0.020156294,0.302366667,0.021663154,0.005043357,0.010033333,7.45E-05,1.40E-05,3.32905,0.025815741,-0.000532168,3.807075,0.059653627,0.008052098,32.175,0.04330127,-0.009440559,95,0,4.01E-15,8.722331066,0.852779814
Stale,2.158216667,0.077404315,0.021953846,19.253,0.086897411,-0.002932867,0.3308,0.037330684,0.010653147,0.010083333,9.86E-05,2.03E-05,3.39275,0.110567924,0.027325175,3.936733333,0.202866632,0.054602098,32.175,0.04330127,-0.001048951,95,0,4.01E-15,8.469786675,0.836073456
Stale,2.236416667,0.070700328,0.019683217,19.16956667,0.169898216,-0.020836364,0.373266667,0.03676471,0.010623776,0.010091667,0.000111492,-8.04E-06,3.51535,0.157412936,0.044860839,4.164933333,0.255981622,0.073341958,32.2,0.070710678,0.015384615,95,0,4.01E-15,8.134697428,0.823785416
Stale,2.284208333,0.032911433,0.006482867,18.88613333,0.41319396,-0.104004895,0.407791667,0.026351548,0.007416434,0.010025,0.000129904,-3.04E-05,3.675733333,0.1271669,0.035770629,4.430025,0.209800994,0.05952972,32.29166667,0.08620067,0.022027972,95,0,4.01E-15,7.899754127,0.812763091
Stale,2.304166667,0.017504396,0.000738462,18.601875,0.353405678,-0.073922028,0.424208333,0.013081951,0.000990559,0.009941667,8.62E-05,-1.71E-05,3.784691667,0.080902044,0.020393357,4.61975,0.146534845,0.038765734,32.36666667,0.074535599,0.016783217,95,0,4.01E-15,8.059957724,0.81028734
Stale,2.287833333,0.03900992,-0.005265734,18.37093333,0.238081433,-0.008021678,0.419216667,0.017042537,-0.004309091,0.009866667,7.45E-05,-1.40E-05,3.802108333,0.06734677,-0.008705944,4.6733,0.098212864,-0.005781818,32.35,0.095742711,-0.01958042,95,0,4.01E-15,8.142196213,0.813644
Stale,2.248916667,0.064943974,-0.017446853,18.201975,0.348431997,-0.072477273,0.401266667,0.021357603,-0.005906993,0.0098,0.0001,-2.52E-05,3.758416667,0.086042943,-0.023904196,4.627108333,0.115264113,-0.032110839,32.30833333,0.09537936,-0.015734266,95,0,4.01E-15,8.298709162,0.811451356
Stale,2.186975,0.065763669,-0.017996853,17.97885,0.350022277,-0.084437063,0.379558333,0.01857922,-0.005224126,0.009733333,7.45E-05,-1.40E-05,3.667966667,0.074106875,-0.020151748,4.505066667,0.098705693,-0.026995105,32.23333333,0.047140452,-0.002097902,95,0,4.01E-15,8.381185062,0.816040854
Stale,2.144683333,0.035439875,-0.005687413,17.74370833,0.127182156,-0.021535315,0.369975,0.013492475,-0.00107028,0.0097,0,4.33E-19,3.635966667,0.047921087,-0.003927972,4.453108333,0.057542831,-0.007263986,32.23333333,0.047140452,-0.004895105,95,0,4.01E-15,8.187678157,0.820521361
Stale,2.160525,0.055452579,0.012709441,17.71418333,0.119893507,0.003938462,0.386525,0.035750527,0.009081469,0.0097,0,4.33E-19,3.674575,0.093824944,0.024968881,4.488675,0.104316578,0.026952098,32.225,0.059511904,0.007342657,95,0,4.01E-15,7.75740214,0.823790426
Stale,2.221591667,0.0783765,0.021314336,17.66746667,0.156955696,-0.003876923,0.426783333,0.048303706,0.013073427,0.009675,4.33E-05,-9.44E-06,3.80175,0.137591003,0.039038462,4.634216667,0.163744058,0.04625035,32.33333333,0.169967317,0.032867133,94.58333333,0.640095479,-0.136363636,7.655876232,0.820213441
Stale,2.281983333,0.048663159,0.010584615,17.63815,0.158179948,-0.025346154,0.458958333,0.027763059,0.00475,0.009658333,4.93E-05,-6.64E-06,3.933966667,0.108970411,0.029945455,4.795116667,0.136746193,0.037679021,32.45,0.184842275,0.038461538,94.16666667,0.687184271,-0.13986014,7.599782321,0.81896064
Stale,2.308583333,0.017102623,-0.000713287,17.50411667,0.173981981,-0.034627972,0.46995,0.010870794,-0.002097902,0.009625,4.33E-05,-3.85E-06,4.035883333,0.05585936,0.015912587,4.923716667,0.077385807,0.022088811,32.59166667,0.1381927,0.01993007,93.66666667,0.471404521,-0.041958042,7.440624592,0.813918425
Stale,2.329308333,0.032428883,0.005905245,17.4747,0.133554202,-0.012436364,0.468066667,0.009974662,0.000398601,0.00965,5.00E-05,5.59E-06,4.094783333,0.045774298,0.011606993,5.0048,0.06250268,0.016923077,32.69166667,0.1381927,0.033916084,93.41666667,0.493006649,-0.101398601,7.397005017,0.813918425
Stale,2.33375,0.029462504,0.001884615,17.41666667,0.114723235,-0.002695804,0.463516667,0.011994709,-0.001162238,0.009666667,4.71E-05,1.12E-05,4.111258333,0.02862573,-0.00139965,5.033266667,0.035826116,0.001591608,32.8,0.115470054,0.028671329,93.16666667,0.372677996,-0.06993007,7.465607554,0.814357175
Stale,2.396233333,0.165085449,0.019432168,17.84376667,1.287835913,0.174095804,0.47995,0.048004071,0.005781818,0.009733333,0.000143372,1.61E-05,4.1326,0.06043673,0.00375035,5.083433333,0.116584242,0.013106993,32.73333333,0.406885187,-0.055244755,93.08333333,0.276385399,0.031468531,7.5161411,0.789428362
Stale,2.625075,0.347351398,0.089280769,19.772575,2.819115702,0.730938112,0.540183333,0.093723261,0.024536364,0.009966667,0.000342377,8.04E-05,4.224983333,0.158768531,0.040125874,5.31275,0.348449498,0.089870629,31.35833333,1.961486823,-0.507342657,85.66666667,10.84230398,-2.356643357,7.788973137,0.765755583
Spoiled,2.899558333,0.327911905,0.08192972,22.33235,2.983421772,0.804276224,0.617133333,0.086153684,0.021808392,0.010108333,0.000295687,3.46E-05,4.356683333,0.157606275,0.039130769,5.57965,0.328339993,0.079312587,29.41666667,2.330534035,-0.651048951,80.25,9.849915397,-1.716783217,8.064831706,0.775882839
Spoiled,3.149916667,0.083313373,0.023690909,24.93293333,1.375868207,0.395190909,0.683525,0.024549376,0.006876573,0.010216667,0.000177169,-3.43E-05,4.518041667,0.110828129,0.026791958,5.831241667,0.109756757,0.018496154,27.30833333,1.139779462,-0.319230769,74.5,3.685557398,0.713286713,8.238715009,0.785985357
Spoiled,3.23905,0.07717809,0.021988112,26.44129167,1.212236759,0.34765,0.712175,0.024324341,0.006809441,0.010083333,0.000121335,-1.47E-05,4.668333333,0.172386994,0.047460839,5.958466667,0.164246387,0.040705594,26.275,0.649519053,-0.184965035,75.25,1.785357107,-0.451048951,8.479365638,0.791171103
Spoiled,3.299975,0.048174079,0.011651399,27.60989167,0.972462371,0.272571678,0.727841667,0.013223934,0.002364685,0.010041667,9.54E-05,-1.08E-05,4.846158333,0.170915074,0.045397552,6.12745,0.196915043,0.051090909,25.65,0.417332801,-0.118881119,73.58333333,1.891134286,-0.513986014,8.658955378,0.794384832
Spoiled,3.344958333,0.035359969,0.007716434,28.562025,0.707566455,0.194214336,0.747875,0.018878697,0.003848601,0.009983333,3.73E-05,-6.99E-06,4.966641667,0.106082644,0.019980769,6.254408333,0.128101298,0.021580769,25.25833333,0.295686583,-0.080769231,71.75,1.233220716,-0.318181818,8.713506659,0.801381285
Spoiled,3.363183333,0.025434682,0.005077622,29.33571667,0.676689009,0.195565734,0.7596,0.021849867,0.004905594,0.00995,5.00E-05,-1.26E-05,5.051291667,0.078861941,0.014178671,6.3383,0.080277,0.00996014,24.96666667,0.205480467,-0.058041958,70.5,1.190238071,-0.314685315,9.055433031,0.800065404
Spoiled,3.35865,0.031617519,-0.007042657,30.10543333,0.684855749,0.197618881,0.757691667,0.02447027,-0.005149301,0.009916667,3.73E-05,-6.99E-06,5.094566667,0.074082289,0.01811958,6.378658333,0.07393226,0.020401049,24.68333333,0.270287912,-0.076223776,69.08333333,1.381926996,-0.374125874,9.420642852,0.791889517
Spoiled,3.318025,0.051836347,-0.01483951,30.89048333,0.66161095,0.190612587,0.732333333,0.034365107,-0.009785315,0.009925,4.33E-05,8.04E-06,5.143258333,0.018234009,0.003461888,6.438266667,0.039201474,0.009902797,24.34166667,0.330298686,-0.094755245,68,1.08012345,-0.272727273,9.847373604,0.795295858
Spoiled,3.264358333,0.04410819,-0.012040909,31.60529167,0.62206913,0.176149301,0.69815,0.022851021,-0.006422378,0.009975,8.29E-05,1.85E-05,5.145233333,0.037403216,-0.001641958,6.457625,0.045859371,0.002497552,23.99166667,0.295686583,-0.084965035,67.08333333,0.640095479,-0.15034965,10.08933878,0.793946698
Spoiled,3.227675,0.025393934,-0.006070979,32.08656667,0.409233954,0.078821678,0.675858333,0.016588774,-0.004563287,0.010033333,0.00010274,9.09E-06,5.108933333,0.06389767,-0.013240559,6.4116,0.088769965,-0.018634266,23.78333333,0.2153808,-0.024475524,66.58333333,0.640095479,-0.164335664,9.960012513,0.800523375
Spoiled,3.204666667,0.020346389,-0.004300699,31.80875,0.785823098,-0.185526573,0.654816667,0.018904489,-0.005199301,0.010016667,0.000114261,-1.68E-05,5.072908333,0.078975813,-0.011437413,6.334025,0.125192965,-0.026467483,24.65833333,1.451125042,0.354895105,66,0.577350269,-0.111888112,9.564512046,0.811064787
Spoiled,3.186233333,0.023508131,-0.006240559,30.822275,1.278593268,-0.367528322,0.6335,0.021939538,-0.006227972,0.009966667,0.000110554,-2.45E-05,5.006583333,0.077288818,-0.013432168,6.192108333,0.141356166,-0.034552797,26.2,1.962990915,0.553846154,66.58333333,1.497683396,0.311188811,9.137878689,0.825538282
Spoiled,3.180516667,0.017581327,-0.000308392,29.56100833,1.014214793,-0.287545804,0.610125,0.019123115,-0.005398951,0.009941667,4.93E-05,7.34E-06,4.969508333,0.079844666,-0.013594755,6.084266667,0.132496235,-0.030412587,27.95,1.137614463,0.306993007,68.91666667,3.302986864,0.933566434,8.847310472,0.825538282
Spoiled,3.155575,0.039076701,-0.006854196,28.41844167,0.863575755,-0.247218531,0.587333333,0.019743958,-0.005611189,0.009958333,4.93E-05,7.34E-06,4.946083333,0.038839817,0.006567832,6.014575,0.027167141,0.000208042,28.88333333,0.486198405,0.137062937,72.25,3.217789096,0.905594406,8.780541138,0.832009794
Spoiled,3.103191667,0.082325699,-0.023353497,27.51249167,0.852793154,-0.242643706,0.555691667,0.033948649,-0.009496154,0.009958333,4.93E-05,-1.22E-05,4.935725,0.050131712,-0.00281014,5.977683333,0.052583994,-0.007883916,29.35833333,0.327766007,0.094055944,75.25,1.920286437,0.534965035,8.985278188,0.82492885
Spoiled,2.997116667,0.10481897,-0.030275524,26.71388333,0.571902767,-0.158816084,0.509741667,0.048766458,-0.013991958,0.009925,4.33E-05,-9.44E-06,4.850225,0.144800783,-0.037263986,5.878525,0.164277018,-0.043211538,29.64166667,0.225308431,0.05979021,77.41666667,1.705790791,0.472027972,9.201530338,0.825033574
Spoiled,2.884241667,0.100905504,-0.029065385,26.1683,0.375607581,-0.106558042,0.459675,0.044822839,-0.012776573,0.009866667,7.45E-05,-1.40E-05,4.667208333,0.211979384,-0.060603846,5.671458333,0.234186541,-0.066048601,29.84166667,0.132024829,0.033916084,79.16666667,1.518405597,0.412587413,9.357995398,0.819799079
Spoiled,2.7992,0.060701675,-0.015586014,25.78930833,0.291673786,-0.083321329,0.424608333,0.022160681,-0.005455594,0.0098,0.0001,-2.52E-05,4.445925,0.195412863,-0.054556993,5.444341667,0.212669409,-0.057891259,30.00833333,0.180084857,0.049300699,80.66666667,1.027402334,0.272727273,9.185652328,0.80648046
Spoiled,2.736366667,0.065451959,-0.013099301,25.48234167,0.227543045,-0.065275175,0.3995,0.02707982,-0.005487413,0.009766667,9.43E-05,3.20E-19,4.2508,0.183395102,-0.04645035,5.223966667,0.2221019,-0.053365734,30.175,0.158771324,0.043006993,81.91666667,1.114924013,0.311188811,9.851651153,0.821240233
Spoiled,2.617525,0.153632208,-0.040391259,25.19053333,0.26729207,-0.075539161,0.35905,0.053463749,-0.014282517,0.009808333,0.000111492,2.90E-05,3.950133333,0.33009323,-0.088541259,4.823833333,0.47466325,-0.127028671,30.35833333,0.1381927,0.035314685,83.5,1.707825128,0.475524476,10.34572303,0.845048717
Spoiled,2.503991667,0.140725486,-0.03324021,24.87635,0.302885015,-0.085377622,0.320733333,0.044918395,-0.010022378,0.009875,8.29E-05,1.50E-05,3.668266667,0.32442153,-0.085513287,4.402208333,0.482606861,-0.128791259,30.51666667,0.167497927,0.044755245,85.5,1.979057015,0.559440559,9.921454541,0.847844838
Spoiled,2.488708333,0.11947415,0.027453497,24.63565833,0.194647534,-0.047884266,0.320325,0.042719885,0.010336014,0.009908333,2.76E-05,-1.75E-06,3.510308333,0.122866584,0.010131119,4.17575,0.200540268,0.016665734,30.7,0.152752523,0.039160839,87.41666667,1.656217243,0.458041958,8.92455378,0.823073706
Spoiled,2.632241667,0.18763252,0.053878671,24.5031,0.0525,-0.006608392,0.372525,0.066029301,0.018949301,0.0099,1.73E-18,1.83E-19,3.634425,0.216242029,0.061824126,4.362541667,0.34092766,0.097394056,30.81666667,0.09860133,0.021678322,88.91666667,1.037491633,0.283216783,8.481779556,0.817317585
Spoiled,2.832241667,0.162747875,0.046659091,24.45945,0.067040939,-0.013541958,0.446983333,0.061901169,0.017769231,0.0099,1.73E-18,1.83E-19,3.878166667,0.222174989,0.06406993,4.720875,0.308123133,0.088087063,30.88333333,0.0372678,0.002797203,89.91666667,0.862006703,0.227272727,7.946147065,0.818766067
Spoiled,2.980516667,0.105696522,0.029552448,24.3812,0.098305849,-0.022598601,0.5021,0.040956379,0.01116993,0.009908333,2.76E-05,3.85E-06,4.098416667,0.164216,0.046816783,5.011741667,0.19959885,0.05700035,30.90833333,0.049300665,0.010839161,91,1.08012345,0.286713287,7.863505698,0.812612442
Spoiled,3.052775,0.060068019,0.006358392,24.25246667,0.230959669,-0.044107692,0.507433333,0.048244021,-0.007111189,0.009916667,3.73E-05,4.20E-06,4.27015,0.131515623,0.035056643,5.214125,0.151958257,0.04186049,30.85833333,0.201900691,-0.025524476,92.25,1.421560176,0.395104895,7.956700334,0.811150945
Spoiled,3.032083333,0.072845863,-0.016585315,23.988625,0.346804876,-0.078380769,0.481358333,0.055512408,-0.012678671,0.009941667,4.93E-05,8.04E-06,4.3798,0.093477689,0.021793706,5.344658333,0.113504269,0.028408042,30.81666667,0.230337916,-0.01958042,93.5,1.190238071,0.300699301,8.031643425,0.819237816
Spoiled,2.9667,0.084679405,-0.022116783,23.66888333,0.388181306,-0.096011888,0.445791667,0.037890246,-0.005022028,0.009966667,4.71E-05,9.79E-06,4.409358333,0.066618634,-0.005787063,5.387991667,0.073570176,-0.001754895,30.85,0.253311403,0.036363636,94.41666667,0.759202798,0.164335664,8.107400814,0.815471029
Spoiled,2.89075,0.047684265,-0.012724476,23.375525,0.200231021,-0.043948601,0.433758333,0.008315894,-0.000829021,0.009991667,2.76E-05,3.85E-06,4.347158333,0.102456816,-0.026117832,5.329933333,0.110855539,-0.027724476,30.975,0.183143841,0.043706294,94.83333333,0.372677996,0.055944056,8.148628741,0.814501814
Spoiled,2.857608333,0.026819783,-0.004945105,23.27614167,0.094045454,-0.002465385,0.434383333,0.006686533,0.001018182,0.01,1.73E-18,7.10E-20,4.269841667,0.070927574,-0.017442308,5.242475,0.08398758,-0.021324126,31.08333333,0.0372678,0.006993007,95,0,4.01E-15,8.183103034,0.814501814
Spoiled,2.844266667,0.010889087,0.001394406,23.308925,0.090958554,0.023757692,0.438466667,0.00874341,0.002193706,0.01,1.73E-18,7.10E-20,4.224316667,0.017086292,-0.000497203,5.182908333,0.031448886,-0.004431818,31.125,0.04330127,0.007342657,95,0,4.01E-15,8.217787751,0.818306938
Spoiled,2.841883333,0.0106288,-0.001794406,23.43255,0.121481641,0.032583217,0.4412,0.005558477,-0.00031049,0.010016667,5.53E-05,7.69E-06,4.208575,0.022252121,-0.004966084,5.154875,0.032053916,-0.00733951,31.15833333,0.049300665,0.01013986,95,0,4.01E-15,8.329420885,0.819675676
Spoiled,2.841883333,0.0106288,0.0002,23.51513333,0.08925167,0.016660839,0.443816667,0.006631218,0.000457343,0.010083333,9.86E-05,2.45E-05,4.192891667,0.025515533,-0.006103846,5.131016667,0.033457556,-0.008497203,31.19166667,0.02763854,0.001748252,95,0,4.01E-15,8.252612749,0.816334152
Spoiled,2.841883333,0.0106288,0.001994406,23.589825,0.064056318,0.00665979,0.443808333,0.00590684,0.000965385,0.01015,8.66E-05,1.89E-05,4.1673,0.018084985,-0.004146853,5.099366667,0.02459598,-0.005942657,31.20833333,0.02763854,0.002447552,95,0,4.01E-15,8.36484438,0.816788768
Spoiled,2.845441667,0.007049995,-0.00095,23.64839167,0.098935454,0.024566783,0.445608333,0.003897105,-0.000866084,0.0102,0,-2.52E-20,4.143425,0.030345843,-0.008305245,5.079766667,0.024079186,-0.006393706,31.20833333,0.02763854,-0.00034965,95,0,4.01E-15,8.400444113,0.813918425
Spoiled,2.8407,0.01178919,-0.002338462,23.73211667,0.091816891,0.021805594,0.440875,0.005926934,-0.001454895,0.010233333,4.71E-05,1.12E-05,4.1182,0.026009582,-0.006737063,5.052533333,0.027655781,-0.007314685,31.20833333,0.02763854,-0.003146853,95,0,4.01E-15,8.449124178,0.814783671
Spoiled,2.80705,0.048571005,-0.012234266,23.74885833,0.080547465,-0.010547203,0.426291667,0.01946152,-0.005137413,0.010266667,4.71E-05,1.12E-05,4.063358333,0.063631026,-0.015931119,4.988108333,0.086141835,-0.022822028,31.2,0,2.74E-16,95,0,4.01E-15,8.753991477,0.818551583
Spoiled,2.752283333,0.068357916,-0.019134965,23.69861667,0.103389352,-0.026735664,0.406733333,0.022896555,-0.006297902,0.0103,1.73E-18,1.71E-19,3.979008333,0.104895976,-0.029861189,4.876891667,0.128835447,-0.036688462,31.2,0,2.74E-16,95,0,4.01E-15,8.803075078,0.817198566
Spoiled,2.689066667,0.048401917,-0.012927972,23.62326667,0.086520097,-0.015070629,0.386183333,0.014309195,-0.003674825,0.010366667,9.43E-05,2.24E-05,3.8732,0.090159146,-0.025374825,4.74245,0.116257921,-0.032977622,31.2,0,2.74E-16,95,0,4.01E-15,8.93273355,0.819074211
Spoiled,2.647275,0.02358418,-0.006409441,23.556625,0.082787873,-0.017075874,0.374883333,0.007060316,-0.001813986,0.010433333,9.43E-05,2.24E-05,3.787941667,0.055053617,-0.015712238,4.626166667,0.082174442,-0.023674126,31.2,0,2.74E-16,95,0,4.01E-15,8.938470338,0.823785416
Spoiled,2.631116667,0.01187054,-0.00229021,23.53165,0.070640445,-0.007695105,0.368666667,0.00405449,-0.001082517,0.0105,0,-2.33E-19,3.733841667,0.04203212,-0.011856294,4.540958333,0.06634431,-0.019033217,31.2,0,2.74E-16,95,0,4.01E-15,8.976349415,0.824835748
Spoiled,2.61625,0.013160832,-0.00278951,23.54825,0.068480088,0.015344056,0.364016667,0.003921699,-0.000974126,0.010525,4.33E-05,9.44E-06,3.690525,0.035279482,-0.009794056,4.469433333,0.054687511,-0.015513986,31.2,0,2.74E-16,95,0,4.01E-15,9.102303363,0.82878609
Spoiled,2.613091667,0.014964818,-0.001687762,23.606525,0.072269958,0.012957692,0.364175,0.005779724,0.000626224,0.010575,8.29E-05,1.71E-05,3.66475,0.022758899,-0.004769231,4.429975,0.031002584,-0.006086364,31.20833333,0.02763854,0.001748252,95,0,4.01E-15,8.93273355,0.824835748
Spoiled,2.618425,0.020865687,0.005386364,23.623225,0.076058542,-0.004517832,0.368441667,0.008677313,0.002352797,0.010675,0.000108972,2.55E-05,3.6672,0.024282298,0.005999301,4.42505,0.023841822,0.006125874,31.20833333,0.02763854,-0.001048951,95,0,4.01E-15,8.965244982,0.831074573
Spoiled,2.623708333,0.018625988,0.000445105,23.606575,0.083058936,-0.005965385,0.371625,0.006131629,0.000213636,0.01075,8.66E-05,1.61E-05,3.679416667,0.02428315,0.004557343,4.436391667,0.021725003,0.002926224,31.20833333,0.02763854,-0.003846154,95,0,4.01E-15,9.102303363,0.835096045
Spoiled,2.615316667,0.025601752,-0.006997902,23.589825,0.064056318,0.005927622,0.368566667,0.008099931,-0.002246853,0.010833333,4.71E-05,1.12E-05,3.681875,0.024253389,-0.004964685,4.423558333,0.037437803,-0.009538112,31.23333333,0.047140452,0.011188811,95,0,4.01E-15,9.190448408,0.836411306
Spoiled,2.574866667,0.04096371,-0.011537063,23.5649,0.074282299,-0.00903986,0.35535,0.013570034,-0.003823077,0.010841667,8.62E-05,-3.50E-07,3.637341667,0.057589227,-0.015523427,4.352433333,0.086816582,-0.024479021,31.25833333,0.049300665,0.007342657,95,0,4.01E-15,9.333678546,0.838889418
Spoiled,2.534016667,0.040802366,-0.011432867,23.490425,0.118006131,-0.030917832,0.342458333,0.01298778,-0.003602448,0.010791667,0.000138193,-2.90E-05,3.578883333,0.064469784,-0.018098601,4.258925,0.093296982,-0.026559091,31.275,0.04330127,-0.005944056,95,0,4.01E-15,9.383238827,0.846443302
Spoiled,2.499658333,0.019191164,-0.005049301,23.39938333,0.093579911,-0.022190909,0.3326,0.005092805,-0.001176224,0.010783333,0.000134371,5.59E-06,3.522083333,0.037385288,-0.009953147,4.171541667,0.05739221,-0.016086364,31.3,0.070710678,0.011888112,95,0,4.01E-15,9.427595956,0.850657284
Spoiled,2.483808333,0.008501613,-0.002263986,23.34154167,0.027334516,-0.003803846,0.328866667,0.001919346,-0.000424476,0.010808333,0.000125554,3.11E-05,3.489491667,0.019125396,-0.005370979,4.114833333,0.038271058,-0.010816084,31.325,0.072168784,0.012937063,95,0,4.01E-15,9.427595956,0.850923903
Spoiled,2.483808333,0.008501613,0.001036713,23.3333,3.55E-15,5.84E-16,0.329541667,0.00299846,0.000357692,0.010891667,2.76E-05,3.85E-06,3.48025,0.011895692,-0.000241259,4.091216667,0.022056739,-0.003017483,31.375,0.04330127,0.003846154,95,0,4.01E-15,9.338549584,0.850372244
Spoiled,2.48875,0.010593984,0.002806993,23.3333,3.55E-15,5.84E-16,0.331191667,0.003799443,0.001014336,0.0109,1.73E-18,1.27E-19,3.4814,0.012597619,0.003088112,4.091208333,0.020838964,0.005463287,31.38333333,0.0372678,0.005594406,95,0,4.01E-15,9.338549584,0.846725938
Spoiled,2.501616667,0.01480213,0.003056643,23.37475833,0.111069666,0.018443007,0.337191667,0.008211421,0.001822727,0.0109,1.73E-18,1.27E-19,3.488316667,0.014387543,0.000777622,4.100008333,0.023193873,0.001671678,31.4,7.11E-15,2.22E-16,95,0,4.01E-15,9.318686925,0.850093268
Spoiled,2.552216667,0.071365104,0.01826014,23.49096667,0.184161796,0.042839161,0.3592,0.029882046,0.007906993,0.010891667,2.76E-05,-1.75E-06,3.542833333,0.08499967,0.019660839,4.18555,0.128156334,0.02913007,31.33333333,0.094280904,-0.022377622,95,0,4.01E-15,8.716984624,0.834069316
Spoiled,2.646383333,0.114238944,0.032841259,23.71700833,0.265891286,0.066854895,0.396891667,0.044005823,0.012692657,0.010941667,9.54E-05,1.85E-05,3.674041667,0.170747018,0.048146503,4.376858333,0.254158958,0.071849301,31.35833333,0.132024829,0.010839161,94.75,0.433012702,-0.094405594,8.478656698,0.825163739
Spoiled,2.774866667,0.110574419,0.031932867,23.90144167,0.186608425,0.038257692,0.4476,0.042603599,0.012323077,0.011008333,0.000111492,2.69E-05,3.877583333,0.192538584,0.055587413,4.666791667,0.26838742,0.077522727,31.425,0.183143841,0.048601399,94.41666667,0.493006649,-0.122377622,8.176514608,0.820106238
Spoiled,2.8758,0.074977452,0.020641259,23.99410833,0.088083743,-0.003983566,0.483691667,0.027829405,0.007253497,0.011083333,5.53E-05,6.29E-06,4.058583333,0.134907233,0.037746154,4.922233333,0.187122938,0.052912587,31.6,0.129099445,0.032867133,94.08333333,0.276385399,-0.038461538,8.141783172,0.818766067
Spoiled,2.931183333,0.031064471,0.006474126,23.94319167,0.105359317,-0.01596958,0.501658333,0.008578409,0.000750699,0.0111,0,4.30E-19,4.172033333,0.061189328,0.016109091,5.082966667,0.097369197,0.026266434,31.70833333,0.09537936,0.024825175,94.08333333,0.276385399,0.038461538,8.072898592,0.814501814
Spoiled,2.933616667,0.02602652,-0.005453846,23.8755,0.120292803,-0.019478322,0.495,0.014176212,-0.003747552,0.0111,0,4.30E-19,4.207158333,0.02504208,0.000968881,5.146933333,0.035689502,0.005656643,31.80833333,0.07592028,0.020629371,94.41666667,0.493006649,0.122377622,8.245716875,0.81256481
Spoiled,2.89105,0.058016269,-0.016004196,23.70838333,0.247949218,-0.053430769,0.473125,0.026672868,-0.00755,0.0111,0,4.30E-19,4.168066667,0.075388453,-0.019418881,5.115883333,0.077645507,-0.019196503,31.86666667,0.047140452,0.011188811,94.75,0.433012702,0.094405594,8.285087559,0.80906005
Spoiled,2.817391667,0.077523646,-0.022336014,23.42743333,0.360122913,-0.098659441,0.441375,0.030434578,-0.008753497,0.0111,0,4.30E-19,4.062366667,0.126928795,-0.036486713,5.003125,0.139235742,-0.039961888,31.89166667,0.02763854,-0.001748252,95,0,4.01E-15,8.457424061,0.808727212
Spoiled,2.760883333,0.051770517,-0.009372727,23.11515833,0.289214979,-0.073638112,0.422791667,0.020150743,-0.002163986,0.0111,0,4.30E-19,3.959883333,0.09001084,-0.021225175,4.885283333,0.10416314,-0.025187413,31.9,0.040824829,0.004895105,95,0,4.01E-15,8.134078607,0.810340236
Spoiled,2.764458333,0.056846613,0.011366783,22.95145833,0.073272283,-0.007775175,0.426433333,0.024580322,0.004993706,0.0111,0,4.30E-19,3.933916667,0.053642036,0.009402098,4.860475,0.069348566,0.012110839,31.93333333,0.062360956,0.016083916,95,0,4.01E-15,8.250314643,0.80665552
Spoiled,2.764508333,0.058641161,-0.001903147,22.91123333,0.06012493,0.001342657,0.427075,0.024700746,-0.001715734,0.011108333,2.76E-05,3.85E-06,3.928708333,0.057560323,-0.001048601,4.856908333,0.074725793,0.000910839,32.03333333,0.11055416,0.029370629,95,0,4.01E-15,8.505323502,0.809521805
Spoiled,2.73785,0.075771768,-0.021291608,22.92745,0.095156577,-0.003327972,0.415708333,0.02941625,-0.008012238,0.011141667,4.93E-05,1.22E-05,3.890158333,0.091859916,-0.026292657,4.805508333,0.124867526,-0.035387063,32.03333333,0.124721913,-0.011188811,95,0,4.01E-15,8.624976501,0.811813543
Spoiled,2.68875,0.034294035,-0.005434965,22.95973333,0.117178314,0.022297902,0.396266667,0.011088382,-0.001848951,0.011175,4.33E-05,9.44E-06,3.810933333,0.063282703,-0.016877622,4.714975,0.083790623,-0.018059091,32.00833333,0.1381927,-0.02972028,95,0,4.01E-15,8.53491387,0.797417546
Spoiled,2.671016667,0.017590378,0.001559441,22.98384167,0.107660628,0.007697552,0.386983333,0.008403058,-0.000927273,0.011216667,5.53E-05,7.69E-06,3.753683333,0.030274655,-0.008129371,4.666791667,0.025583734,0.002484965,32.00833333,0.1381927,0.025524476,95,0,4.01E-15,8.66733406,0.795389483
Spoiled,2.652916667,0.039154349,-0.009757343,22.93571667,0.132992699,-0.035344056,0.375841667,0.017899695,-0.00485979,0.011266667,9.43E-05,1.68E-05,3.701966667,0.059512342,-0.016511189,4.636058333,0.060885158,-0.013501748,32.1,0.129099445,0.031468531,95,0,4.01E-15,8.76885861,0.794433637
Spoiled,2.612616667,0.048511199,-0.013818881,22.79968333,0.14358982,-0.040168531,0.359041667,0.017119018,-0.004702448,0.011333333,9.43E-05,1.68E-05,3.636358333,0.069457223,-0.019926923,4.560258333,0.09908675,-0.028633916,32.225,0.059511904,0.013636364,95,0,4.01E-15,8.859072522,0.802841837
Spoiled,2.567416667,0.028753807,-0.007879021,22.69644167,0.162444978,-0.010164685,0.3463,0.006972565,-0.001309091,0.011366667,7.45E-05,-1.40E-06,3.5668,0.050415127,-0.013958042,4.453733333,0.086263891,-0.024397203,32.21666667,0.134370962,-0.01048951,94.75,0.829156198,-0.115384615,9.047001999,0.806695365
Spoiled,2.518508333,0.147813415,-0.017777972,22.95714167,0.716858072,0.091594755,0.360575,0.028414994,0.006745105,0.011341667,0.000103749,-1.71E-05,3.558708333,0.060411746,0.006315035,4.420625,0.057472227,0.002303846,31.30833333,1.409762588,-0.35,91.75,4.474464586,-1.129370629,10.81465644,0.823073706
Spoiled,2.3427,0.261442942,-0.061803497,22.479025,1.13015819,-0.173161888,0.3834,0.032513792,0.008393706,0.011333333,0.000117851,1.40E-06,3.599625,0.087879805,0.020528322,4.479266667,0.117961394,0.029632867,29.6,2.108712087,-0.595804196,82.33333333,12.31755748,-2.993006993,10.3303484,0.796879793
Spoiled,2.187116667,0.237004672,-0.048276923,22.01449167,1.234859239,-0.27427028,0.405716667,0.014527092,0.002065734,0.01135,0.000132288,9.79E-06,3.636258333,0.065011146,0.004066783,4.536266667,0.081717148,0.008434965,27.65833333,1.44652361,-0.394755245,76.41666667,8.957848824,-0.933566434,10.23071031,0.803256058
Spoiled,2.070358333,0.030872789,0.008541608,21.264675,0.153053755,0.007454196,0.41465,0.007746451,0.001367133,0.011458333,0.000149768,2.62E-05,3.654016667,0.04214449,-0.002988811,4.584641667,0.056728453,-0.001928322,26.63333333,0.48189441,-0.094405594,72.75,5.847007782,1.15034965,10.13994971,0.798553563
Spoiled,2.0995,0.023829953,0.00653986,21.34495,0.104015956,0.026528671,0.424075,0.014438555,0.003978671,0.01155,0.00015,2.52E-05,3.632291667,0.043985953,0.002787063,4.607075,0.071527852,0.02020035,26.13333333,0.45886333,-0.084615385,75.5,0.957427108,-0.167832168,10.09149896,0.780855363
Spoiled,2.144358333,0.053080434,0.012932517,21.6003,0.379286723,0.091605594,0.452116667,0.03198012,0.008720979,0.0116,0.0001,-5.59E-06,3.6702,0.064249565,0.012495105,4.706541667,0.097870437,0.02783951,25.64166667,0.702920495,-0.182867133,74.33333333,1.178511302,-0.251748252,9.882633286,0.775710934
Spoiled,2.213566667,0.08538515,0.023628671,22.10575833,0.612034853,0.166554196,0.489941667,0.041692075,0.012027622,0.01155,0.000111803,-2.45E-05,3.717383333,0.086781083,0.023933566,4.82525,0.119107483,0.034215385,25.00833333,0.534568881,-0.148601399,73.33333333,1.374368542,-0.370629371,9.855066208,0.769595631
Spoiled,2.306391667,0.087615357,0.024435315,22.762375,0.629254877,0.173322028,0.537558333,0.039099349,0.01128007,0.011483333,7.99E-05,-1.26E-05,3.813916667,0.083516983,0.022427972,4.96045,0.114891257,0.03270979,24.53333333,0.271825107,-0.076223776,72.16666667,0.799305254,-0.181818182,9.734621268,0.780282131
Spoiled,2.4002,0.075074374,0.021307692,23.40580833,0.493611781,0.139527622,0.583808333,0.040983746,0.01184021,0.01145,5.00E-05,-3.50E-06,3.914158333,0.107387542,0.02956049,5.097425,0.122822542,0.034813636,24.26666667,0.197202659,-0.055944056,71.5,0.5,-0.111888112,9.615295754,0.757316524
Spoiled,2.471025,0.056797874,0.015490559,23.870075,0.356304779,0.096242308,0.620466667,0.029857839,0.007916783,0.0114,1.00E-04,-1.96E-05,4.025983333,0.098534434,0.026390909,5.233225,0.118823925,0.033129021,24.075,0.153432939,-0.04020979,70.83333333,0.687184271,-0.167832168,9.56955401,0.769194861
Spoiled,2.515708333,0.028182011,0.006547902,23.77338333,0.537407888,-0.100174126,0.640541667,0.010485185,0.001621329,0.011383333,8.98E-05,-6.99E-06,4.099008333,0.05113742,0.010818531,5.352616667,0.097479073,0.026872028,24.80833333,1.242617086,0.289160839,70.16666667,0.897527468,-0.132867133,8.859072522,0.751185266
Spoiled,2.550108333,0.034063261,0.008371678,23.16748333,0.898038565,-0.252472028,0.64895,0.007596545,0.001313986,0.011408333,0.000125554,2.83E-05,4.149066667,0.033122055,0.006324476,5.443375,0.062771187,0.016698252,26.08333333,1.697465431,0.472727273,71.08333333,2.289771944,0.513986014,8.32397482,0.759881674
Spoiled,2.583133333,0.040101129,0.011348252,22.23475,0.767439904,-0.217912587,0.654208333,0.009119527,0.002523427,0.011508333,0.000118732,2.69E-05,4.209466667,0.081705185,0.02191049,5.515033333,0.058605508,0.015814685,27.63333333,0.998610145,0.272027972,73.66666667,3.636237372,1.041958042,8.047033364,0.780353852
Spoiled,2.635925,0.046586284,0.01253042,21.5947,0.455887585,-0.120228671,0.661883333,0.004966695,0.001244056,0.011641667,0.000144097,3.53E-05,4.330475,0.136679949,0.034773077,5.583925,0.074344986,0.016080769,28.475,0.484982818,0.136713287,77.5,3.253203549,0.923076923,7.756251155,0.789510228
Spoiled,2.683583333,0.048337543,0.013092308,21.1149,0.362032063,-0.092894406,0.666533333,0.004503579,0.001203497,0.011758333,0.000149768,3.60E-05,4.425266667,0.098480305,0.018983217,5.610475,0.053940308,0.000447902,28.94166667,0.298491578,0.084965035,80.75,2.487468593,0.70979021,7.474376578,0.806543945
Spoiled,2.725316667,0.0302083,0.006793007,20.84803333,0.324889259,-0.078734266,0.669208333,0.00378846,0.000626224,0.011875,0.000108972,1.99E-05,4.498166667,0.060492787,0.005297203,5.6105,0.05503349,-0.008313986,29.24166667,0.22157893,0.062587413,83.16666667,1.771690969,0.48951049,7.487243126,0.812725881
Spoiled,2.739766667,0.015668032,0.000837762,20.52824167,0.219153913,-0.056948601,0.667883333,0.006145843,-0.001123776,0.011975,0.000204634,2.55E-05,4.533983333,0.056584742,0.01591958,5.5922,0.01719811,0.00178951,29.49166667,0.201900691,0.056993007,85,1.290994449,0.363636364,7.365842973,0.826919981
Spoiled,2.74425,0.010140636,-0.00029021,20.30605,0.252862158,-0.072041958,0.665208333,0.005757236,-0.000982867,0.011758333,0.000432933,-8.36E-05,4.5795,0.0388787,0.010167133,5.59445,0.018469231,0.002055944,29.68333333,0.177169097,0.048951049,86.25,1.010362971,0.276223776,7.240402424,0.822945041
Spoiled,2.734125,0.015003062,-0.001920629,19.99781667,0.250684253,-0.070247552,0.660108333,0.006235578,-0.001002448,0.011458333,0.000517137,-0.000115734,4.624175,0.035667495,0.008568182,5.610191667,0.025046206,0.002752797,29.81666667,0.089752747,0.02027972,87.41666667,0.953793595,0.262237762,7.259399879,0.830372636
Spoiled,2.724066667,0.019660253,-0.004513986,19.78136667,0.201348178,-0.050476923,0.6512,0.013512278,-0.003521678,0.011166667,0.000239212,6.99E-07,4.651616667,0.038432274,0.009090909,5.6102,0.027374715,0.001420979,29.89166667,0.064009548,0.013636364,88.33333333,0.942809042,0.258741259,7.259399879,0.836286322
Spoiled,2.6746,0.09542766,-0.017967133,19.60865833,0.243012851,-0.029956993,0.613741667,0.056140515,-0.013805944,0.011216667,0.000251109,4.06E-05,4.636066667,0.076292904,-0.013944056,5.575516667,0.096796159,-0.018993706,29.95833333,0.09537936,0.022727273,89.25,0.721687836,0.192307692,7.945896979,0.83194507
Spoiled,2.530333333,0.194952555,-0.051743357,19.43809167,0.297411195,-0.055349301,0.54255,0.085849155,-0.023534965,0.011291667,0.000228977,1.29E-05,4.435483333,0.28427778,-0.075536364,5.338625,0.32532731,-0.085375874,30.10833333,0.201900691,0.050699301,90.41666667,1.605113357,0.374125874,8.483580505,0.826724998
Spoiled,2.400183333,0.161944892,-0.03603986,19.24296667,0.324688973,-0.066293007,0.483008333,0.058351713,-0.012075175,0.011408333,0.000266015,2.62E-05,4.17025,0.302194086,-0.083436364,5.026458333,0.368429006,-0.103013636,30.34166667,0.278263464,0.072377622,91.66666667,1.699673171,0.384615385,8.082955805,0.834904436
Spoiled,2.348941667,0.081627288,0.019433217,19.150375,0.18825832,0.010159091,0.469425,0.032417385,0.008557692,0.0116,0.000458258,8.88E-05,3.955275,0.114820172,-0.020933217,4.752933333,0.159044466,-0.033613287,30.5,0.191485422,0.027972028,92.66666667,1.247219129,0.160839161,7.743944496,0.836770234
Spoiled,2.436616667,0.104030106,0.028758741,19.28763333,0.280657681,0.065478322,0.495183333,0.030804135,0.007766434,0.011641667,0.00045909,-2.13E-05,3.932575,0.051651365,0.012888462,4.700325,0.054846302,0.011170979,30.675,0.158771324,0.022727273,93.33333333,0.849836586,0.132867133,7.670357715,0.835217554
Spoiled,2.502558333,0.059019523,0.009535315,19.339,0.235664836,-0.005440559,0.516716667,0.014509183,0.001997902,0.011283333,0.000699802,-0.000156643,3.987308333,0.061535998,0.015687063,4.732083333,0.055241995,0.011488112,30.775,0.196320316,0.051398601,93.91666667,0.953793595,0.227272727,7.56379207,0.846571809
Spoiled,2.539766667,0.022428528,0.000657343,19.33218333,0.213118652,-0.044746154,0.527483333,0.011242022,0.002736364,0.010816667,0.000465176,-0.000102098,4.037025,0.040628954,0.008562587,4.783783333,0.051170822,0.009253846,30.90833333,0.064009548,0.01013986,94.58333333,0.759202798,0.143356643,7.577728037,0.83701018
Spoiled,2.5038,0.065740234,-0.010344755,19.14355833,0.151121179,-0.021577972,0.487641667,0.079683577,-0.015231818,0.010583333,0.000106719,2.66E-05,4.079558333,0.044055693,0.009095455,4.827483333,0.066339529,0.016344056,30.80833333,0.209993386,-0.046503497,94.91666667,0.276385399,0.031468531,8.013485915,0.83999429
Spoiled,2.458691667,0.08713905,-0.021781469,19.0603,0.178367874,-0.031911189,0.4457,0.084139378,-0.017879021,0.010783333,0.000279384,7.27E-05,4.127016667,0.060535263,0.015921678,4.886116667,0.059264827,0.015358741,30.80833333,0.228977194,0.004545455,95,0,4.01E-15,7.907274716,0.846015517
Spoiled,2.3867,0.063840426,-0.013957343,18.79585833,0.33796151,-0.07429965,0.400675,0.049234661,-0.000677273,0.011141667,0.000415248,0.000112238,4.137008333,0.071021282,-0.004205944,4.868616667,0.100668357,-0.014748951,30.89166667,0.292854723,0.071678322,95,0,4.01E-15,7.858620392,0.860789602
Spoiled,2.351783333,0.027309761,-0.004637063,18.54574167,0.345141156,-0.077753497,0.405,0.009146037,0.002251049,0.011225,0.000334477,-1.29E-05,4.09315,0.100155924,-0.024282517,4.777658333,0.150143112,-0.038617832,31.11666667,0.157233019,0.037062937,95,0,4.01E-15,7.822513398,0.866112149
Spoiled,2.326533333,0.027093613,-0.005068531,18.321575,0.217329317,-0.027266084,0.4096,0.003974292,0.000253846,0.0113,0.000339116,-2.73E-05,3.993683333,0.103151182,-0.026912587,4.628083333,0.142132601,-0.03778042,31.2,0.040824829,0.004195804,95,0,4.01E-15,7.950439364,0.869506991
Spoiled,2.311341667,0.025432507,-0.004849301,18.28396667,0.132102576,0.00438951,0.411625,0.004522191,0.000133916,0.011333333,0.000365908,9.37E-05,3.91055,0.070719569,-0.018274825,4.50995,0.095299279,-0.025393007,31.21666667,0.0372678,0.000699301,95,0,4.01E-15,8.037222461,0.87302524
Spoiled,2.280675,0.031424649,-0.007105245,18.241875,0.19034457,-0.019256294,0.4076,0.006558328,-0.001023776,0.011566667,0.000252763,4.76E-05,3.827725,0.073349564,-0.019247902,4.388141667,0.109981797,-0.029733217,31.21666667,0.0372678,0.003496503,95,0,4.01E-15,8.004764684,0.879917135
Spoiled,2.2342,0.058020298,-0.015586014,18.050125,0.311398103,-0.076890559,0.3964,0.01712649,-0.004556643,0.011591667,0.000228977,-4.30E-05,3.7375,0.096258601,-0.027016084,4.25455,0.141662548,-0.040139161,31.225,0.04330127,-0.00034965,95,0,4.01E-15,8.236858115,0.889441639
Spoiled,2.17045,0.061122602,-0.016893007,17.83435,0.275291868,-0.060760839,0.376641667,0.019964738,-0.005494056,0.011433333,0.000259272,-4.69E-05,3.636791667,0.087584345,-0.024549301,4.106608333,0.121131798,-0.034278671,31.21666667,0.0372678,-0.002797203,95,0,4.01E-15,8.410806211,0.890460965
Spoiled,2.121591667,0.0339905,-0.007798951,17.67876667,0.103115674,0.000947552,0.359808333,0.013100983,-0.003340909,0.0114,0.000264575,7.69E-06,3.542508333,0.071780852,-0.019670979,3.972491667,0.104009835,-0.029081469,31.21666667,0.0372678,-0.002097902,95,0,4.01E-15,8.456203327,0.903919491
Spoiled,2.093216667,0.019727639,-0.003374126,17.7143,0.133746396,0.013891608,0.346466667,0.008788755,-0.002262238,0.011508333,0.000253174,5.14E-05,3.459408333,0.075939345,-0.020889161,3.856733333,0.106921134,-0.029466434,31.20833333,0.02763854,-0.001048951,95,0,4.01E-15,8.572737012,0.905377399
Spoiled,2.084716667,0.019007097,-0.002976923,17.73195833,0.131099977,0.004202448,0.341383333,0.007176447,-0.001413287,0.0116,0.000173205,-6.99E-06,3.389175,0.061480663,-0.015677273,3.753675,0.089342665,-0.023808741,31.21666667,0.0372678,-0.000699301,95,0,4.01E-15,8.558060498,0.91614856
Spoiled,2.069433333,0.021430365,-0.003845455,17.71440833,0.145677558,-0.021317133,0.334266667,0.006069368,-0.001027972,0.011583333,0.000186339,-3.15E-05,3.325041667,0.053584815,-0.013467483,3.650975,0.093912283,-0.025347902,31.225,0.04330127,0.004545455,95,0,4.01E-15,8.610491286,0.925252238
Spoiled,2.050558333,0.025844002,-0.006908741,17.64940833,0.10040798,-0.013076573,0.3281,0.009553708,-0.00271049,0.011258333,0.000394669,-9.13E-05,3.285783333,0.040420247,-0.008977622,3.579133333,0.068521619,-0.017222378,31.25833333,0.049300665,0.007342657,95,0,4.01E-15,8.763147406,0.928890152
Spoiled,2.033225,0.018300188,-0.003588462,17.702825,0.165232241,0.02831014,0.319225,0.007584208,-0.002070979,0.01105,0.000364005,-7.13E-05,3.274933333,0.031932516,0.002796503,3.530925,0.040435733,-0.004787063,31.28333333,0.0372678,0.004195804,95,0,4.01E-15,8.858252232,0.947862116
Spoiled,2.022025,0.011735567,-8.64E-05,17.80953333,0.201853822,0.046809091,0.311133333,0.005536144,-0.001544056,0.010883333,0.000146249,3.08E-05,3.267433333,0.032696874,-0.000842657,3.483291667,0.066538566,-0.015025524,31.3,0,5.64E-16,95,0,4.01E-15,8.925768248,0.9558378
Spoiled,2.018341667,0.013469129,-0.001603846,17.88640833,0.174074368,-0.004166783,0.306466667,0.004355329,-0.00107972,0.011016667,0.000172401,3.43E-05,3.25475,0.04396509,-0.010258741,3.417841667,0.087954036,-0.023675874,31.30833333,0.02763854,0.002447552,95,0,4.01E-15,8.836884749,0.964801553
Spoiled,2.004441667,0.018815882,-0.004075874,17.83288333,0.171394354,-0.027441958,0.302758333,0.002755437,-0.000475874,0.011325,0.000383243,9.48E-05,3.216441667,0.033314298,-0.007123427,3.336616667,0.056203349,-0.014844056,31.34166667,0.049300665,0.010839161,95,0,4.01E-15,8.950095868,0.976387788
Spoiled,1.985575,0.021414252,-0.00604021,17.74960833,0.126264395,-0.019955594,0.298591667,0.005645863,-0.001455594,0.011541667,0.000314797,5.63E-05,3.192258333,0.029518002,-0.006244406,3.276058333,0.051931886,-0.014319231,31.375,0.04330127,0.008041958,95,0,4.01E-15,9.067685697,0.988779188
Spoiled,1.967533333,0.013277885,-0.003482517,17.74333333,0.067403491,0.009162937,0.292625,0.007128829,-0.002032517,0.011708333,0.000144097,-2.76E-05,3.165191667,0.026808813,-0.006161189,3.215891667,0.057265208,-0.016131119,31.4,7.11E-15,2.22E-16,95,0,4.01E-15,9.103931287,1.001055392
Spoiled,1.965375,0.011331602,0.001713636,17.81465,0.124878064,0.027151748,0.288075,0.003683098,-0.000565385,0.011666667,0.000159861,3.50E-06,3.1621,0.028536702,0.000137063,3.170458333,0.041235168,-0.010123427,31.4,7.11E-15,2.22E-16,95,0,4.01E-15,9.054508913,1.020684623
Spoiled,1.966091667,0.012041003,0.00089965,17.85009167,0.102816985,0.000291958,0.28575,0.003095292,-0.000148951,0.011641667,0.000201901,-1.36E-05,3.161058333,0.027126846,0.00416958,3.1249,0.033519447,-0.008331469,31.4,7.11E-15,2.22E-16,95,0,4.01E-15,9.143663992,1.025386673
Spoiled,1.962566667,0.016382426,-0.003843357,17.856125,0.113985007,-0.011994755,0.282083333,0.006494335,-0.001623077,0.011458333,0.000312139,-6.82E-05,3.163125,0.028382393,-0.00398007,3.081608333,0.055192956,-0.015186364,31.41666667,0.0372678,0.005594406,95,0,4.01E-15,9.186502999,1.046361186
Spoiled,1.952625,0.01488669,-0.002103147,17.8206,0.126293118,0.004083916,0.277391667,0.005809254,-0.001432517,0.011275,0.000248747,-5.14E-05,3.144566667,0.030170856,-0.006727972,3.033341667,0.041963863,-0.010522727,31.45833333,0.064009548,0.015034965,95,0,4.01E-15,9.170484488,1.029828883
Spoiled,1.9414,0.017841291,-0.002120979,17.80923333,0.176346261,-0.007775524,0.27385,0.002015564,-0.000125874,0.011333333,0.000298142,7.48E-05,3.112008333,0.043586819,-0.010103147,2.974608333,0.058105901,-0.014512238,31.525,0.072168784,0.017832168,95,0,4.01E-15,9.229286381,1.063571403
Spoiled,1.922791667,0.028985556,-0.00688986,17.668725,0.253043307,-0.05016958,0.270625,0.004719838,-0.001102448,0.011533333,0.000274874,6.36E-05,3.062091667,0.069336552,-0.017012238,2.913466667,0.075647321,-0.019855944,31.575,0.059511904,0.011538462,95,0,4.01E-15,9.204028482,1.039041071
Spoiled,1.904141667,0.023429129,-0.004831119,17.527975,0.222893779,-0.047304545,0.267891667,0.005040909,-0.001033217,0.011683333,8.98E-05,-1.33E-05,2.963241667,0.112191737,-0.030021329,2.823491667,0.081883,-0.021954196,31.60833333,0.049300665,0.004545455,95,0,4.01E-15,9.122455399,1.035340218
Spoiled,1.889716667,0.009381971,-0.00045035,17.41634167,0.059743639,0.002184965,0.263925,0.002872898,-0.000289161,0.01165,0.000111803,-6.99E-07,2.887866667,0.082421522,-0.017648951,2.765625,0.056593243,-0.012304545,31.63333333,0.062360956,0.011188811,95,0,4.01E-15,9.280704559,1.0435569
Spoiled,1.887691667,0.010551102,-0.001107343,17.45695833,0.085331417,0.012654895,0.261466667,0.004143536,-0.000895105,0.011666667,0.000124722,2.03E-05,2.837316667,0.017233196,0.001283217,2.7155,0.027685766,-0.005623077,31.675,0.059511904,0.012937063,95,0,4.01E-15,9.277582903,1.06019878
Spoiled,1.891108333,0.015231626,0.00079965,17.58,0.189521586,0.030235664,0.259258333,0.002877342,-0.000512937,0.011641667,0.000213925,-2.20E-05,2.854975,0.024829322,0.002275175,2.69955,0.034095515,-0.007632867,31.725,0.059511904,0.013636364,95,0,4.01E-15,9.271999152,1.076876741
Spoiled,1.88705,0.015765865,-0.001252448,17.48258333,0.286941736,-0.049851748,0.258641667,0.001741388,0.000363986,0.011391667,0.000405089,-0.000108741,2.84025,0.035748531,-0.005116783,2.671275,0.031783726,-0.004683566,31.78333333,0.068718427,0.016083916,95,0,4.01E-15,9.094972359,1.047734206
Spoiled,1.8884,0.014869095,-0.001779021,17.40171667,0.294985016,-0.060283916,0.259858333,0.001390119,0.000238112,0.011075,0.000369966,-9.34E-05,2.833775,0.035645854,-0.006517832,2.680125,0.0361291,0.004103147,31.84166667,0.064009548,0.015034965,95,0,4.01E-15,9.164576383,1.035310425
Spoiled,1.887691667,0.011057159,0.003094056,17.2384,0.083000241,0.015304196,0.262566667,0.003482895,0.000823077,0.010833333,8.50E-05,-1.47E-05,2.816116667,0.014918715,0.002774126,2.707833333,0.050661579,0.014082517,31.88333333,0.0372678,0.006293706,95,0,4.01E-15,9.086201464,1.027142443
Spoiled,1.902658333,0.014756719,0.004152098,17.31845833,0.062805738,0.013004545,0.2674,0.00618385,0.001739161,0.0108,1.73E-18,-3.96E-19,2.81795,0.013372079,-0.001077622,2.7543,0.03399245,0.009194406,31.925,0.04330127,0.009440559,95,0,4.01E-15,9.00528278,1.007116801
Spoiled,1.923366667,0.022962808,0.006433566,17.35293333,0.059755883,0.010611888,0.276841667,0.010437789,0.002891958,0.0108,1.73E-18,-3.96E-19,2.835633333,0.035392262,0.006922378,2.811766667,0.063124709,0.015551748,31.96666667,0.062360956,0.016083916,95,0,4.01E-15,8.811777818,0.982717541
Spoiled,1.9691,0.052835736,0.014544755,17.38165833,0.034103408,-0.002176573,0.298458333,0.025692037,0.007045804,0.0108,1.73E-18,-3.96E-19,2.893558333,0.083404881,0.023533217,2.9406,0.161297644,0.044558042,32.025,0.059511904,0.014335664,95,0,4.01E-15,8.39646513,0.942992506
Spoiled,2.029241667,0.064502706,0.018223427,17.44551667,0.105732775,0.020448252,0.327166667,0.03085691,0.008723077,0.010833333,4.71E-05,1.12E-05,2.977725,0.082733509,0.02303951,3.123391667,0.193364955,0.055433217,32.00833333,0.09537936,-0.012237762,95,0,4.01E-15,8.385227539,0.912410056
Spoiled,2.073458333,0.033786424,0.005346503,17.54450833,0.140077202,0.034416434,0.350141667,0.015562747,0.003279371,0.010866667,4.71E-05,1.12E-05,3.060833333,0.057653727,0.015874126,3.306275,0.125402406,0.03511993,31.81666667,0.29107082,-0.076923077,95,0,4.01E-15,8.610491286,0.911821254
Spoiled,2.080166667,0.023673837,-0.005140559,17.66106667,0.088399343,0.015022378,0.358816667,0.003810913,-0.000362238,0.011125,0.000376663,8.64E-05,3.10075,0.036536477,0.00698951,3.399508333,0.051748502,0.01220035,31.525,0.324358341,-0.090559441,95,0,4.01E-15,8.527548073,0.904365664
Spoiled,2.072458333,0.020055899,-0.000465385,17.649425,0.103975535,-0.015462587,0.359391667,0.004320389,0.000591958,0.011425,0.00043229,0.000111538,3.115875,0.025339795,-0.000935315,3.442375,0.03025134,0.005363287,31.33333333,0.154560308,-0.015384615,95,0,4.01E-15,8.389048436,0.89677806
Spoiled,2.069341667,0.013862447,0.002354196,17.56774167,0.132663958,-0.031122028,0.3617,0.004274927,0.000942657,0.011716667,0.000226691,3.22E-05,3.120991667,0.027380725,0.003553497,3.468516667,0.040870932,0.010758042,31.26666667,0.102740233,0.004195804,95,0,4.01E-15,8.39646513,0.896603666
Spoiled,2.07465,0.009522211,-0.000418182,17.50921667,0.090737413,0.001237063,0.363133333,0.002123022,-9.79E-05,0.011775,4.33E-05,-6.64E-06,3.128141667,0.027724552,0.004786364,3.506758333,0.040169982,0.009854196,31.33333333,0.094280904,0.005594406,95,0,4.01E-15,8.500945817,0.882648856
Spoiled,2.071583333,0.006960943,-0.000672727,17.42843333,0.139949475,-0.017091608,0.361975,0.002778526,-0.000717133,0.011775,8.29E-05,3.85E-06,3.141433333,0.023325534,0.001346154,3.528283333,0.019160282,0.002129371,31.44166667,0.228977194,0.052797203,95,0,4.01E-15,8.3299208,0.889417225
Spoiled,2.07235,0.007329336,6.15E-05,17.342375,0.179484067,-0.041578671,0.356816667,0.005818195,-0.001521678,0.011833333,0.000124722,2.38E-05,3.12815,0.029232929,-0.004625874,3.525883333,0.022627337,-0.004981119,31.78333333,0.393347457,0.107692308,95,0,4.01E-15,8.296890087,0.886437229
Spoiled,2.072341667,0.005067948,0.000575175,17.21571667,0.103350994,-0.017325874,0.351966667,0.00605397,-0.001432867,0.011816667,0.000151841,-1.33E-05,3.115883333,0.027926237,-0.004384615,3.514966667,0.015768605,-0.001970629,32.11666667,0.348409083,0.090909091,95,0,4.01E-15,8.293076919,0.882454501
Spoiled,2.08235,0.013175198,0.00281958,17.68979167,0.860613865,0.189312238,0.372016667,0.038599996,0.008732867,0.011475,0.000553963,-0.000144406,3.222116667,0.209230733,0.046906993,3.723941667,0.365761162,0.082906643,31.43333333,1.448754254,-0.33006993,90.5,9.349688052,-1.811188811,9.008444419,0.824835748
Spoiled,2.098016667,0.028909221,0.006798601,18.17265833,0.850133811,0.184077273,0.413358333,0.055724612,0.015577972,0.011125,0.000481534,-9.55E-05,3.462741667,0.324349936,0.09046049,4.112958333,0.524881629,0.14545979,29.83333333,2.137495939,-0.598601399,84.66666667,10.1680327,-2.230769231,8.707488695,0.813617649
Spoiled,2.136908333,0.044070691,0.011601748,18.74274167,0.47156996,0.03622972,0.473383333,0.049305389,0.013905594,0.010875,0.000258602,1.50E-05,3.814616667,0.318048662,0.08965035,4.666533333,0.474983453,0.132066434,27.86666667,1.491270897,-0.403496503,78.75,7.166182154,-0.765734266,8.578264613,0.802220379
Spoiled,2.191766667,0.061789445,0.016411189,18.979975,0.351609675,0.09164021,0.517991667,0.035182985,0.009894056,0.010966667,0.00015456,1.89E-05,4.100525,0.223883698,0.061712238,5.07685,0.321981903,0.088264336,26.64166667,0.682468966,-0.192657343,76.91666667,1.114924013,-0.178321678,8.634927733,0.801217417
Spoiled,2.241291667,0.040116403,0.00948007,19.30804167,0.327854771,0.084715734,0.550408333,0.019989558,0.00561014,0.010983333,9.86E-05,-3.50E-06,4.27355,0.10190792,0.024333566,5.322466667,0.137537294,0.032211189,25.975,0.452999264,-0.12972028,75.83333333,1.404358296,-0.384615385,8.60840226,0.797131147
Spoiled,2.295875,0.04545861,0.010950699,19.73679167,0.340216045,0.089150699,0.577325,0.02393697,0.006761189,0.010958333,0.000103749,-2.06E-05,4.41595,0.13944155,0.034159441,5.507908333,0.183564123,0.04465979,25.54166667,0.335306659,-0.094755245,74.41666667,1.320248293,-0.367132867,8.570289882,0.799861624
Spoiled,2.340725,0.055926293,0.01591014,20.1523,0.462945425,0.133605594,0.603375,0.026643077,0.007626224,0.010941667,9.54E-05,9.44E-06,4.565391667,0.192957929,0.054389161,5.690033333,0.239366279,0.066917483,25.15833333,0.295686583,-0.084265734,73.08333333,0.953793595,-0.262237762,8.626194511,0.80823011
Spoiled,2.404841667,0.047698995,0.01361014,20.68785,0.460068204,0.132760839,0.636441667,0.026860983,0.007650699,0.011033333,0.000169967,4.41E-05,4.787975,0.189850666,0.053756294,5.963833333,0.224467842,0.063305594,24.875,0.248746859,-0.06958042,72.16666667,0.687184271,-0.167832168,8.635959592,0.805474297
Spoiled,2.448258333,0.038087191,0.010185664,21.1515,0.37590329,0.106665734,0.659033333,0.020949158,0.005433566,0.011208333,0.000184654,4.93E-05,4.970275,0.160098783,0.04452972,6.18945,0.202297477,0.05675035,24.60833333,0.175396376,-0.05,71.41666667,0.640095479,-0.15034965,8.707717168,0.800065404
Spoiled,2.465483333,0.029714919,-0.001395804,21.31055833,0.300821435,-0.009024825,0.670541667,0.006450124,-0.000495455,0.011275,0.000129904,-3.15E-06,5.1133,0.098130542,0.025370629,6.360633333,0.115292905,0.028326573,24.86666667,0.786694915,0.134965035,70.83333333,0.687184271,-0.153846154,8.484071076,0.807105674
Spoiled,2.4824,0.045424113,0.004615385,21.095875,0.472470985,-0.116141608,0.66965,0.007661212,-0.000924476,0.011241667,0.000138193,-3.25E-05,5.193833333,0.07018628,0.015990909,6.42485,0.06549068,0.003625874,25.99166667,1.626068025,0.443006993,71.08333333,1.187317237,0.192307692,8.010344959,0.823924023
Spoiled,2.502433333,0.056083707,0.012565734,20.557125,0.562796147,-0.145798252,0.669208333,0.007559923,0.001016434,0.011108333,0.000125554,-2.13E-05,5.253958333,0.072860854,0.016345804,6.419458333,0.070747114,-0.004076573,27.46666667,1.519502843,0.411188811,73.16666667,3.077697552,0.839160839,7.747145563,0.834738016
Spoiled,2.558766667,0.053822104,0.013565734,20.10215,0.37128638,-0.093765734,0.673458333,0.007289428,0.001597552,0.011075,8.29E-05,3.50E-07,5.322683333,0.075762676,0.020172727,6.416408333,0.047876464,0.003161888,28.7,0.575905085,0.161538462,76.58333333,3.59301019,1.024475524,7.487772153,0.84205063
Spoiled,2.586225,0.039124398,0.006563287,19.70875,0.264639621,-0.067584615,0.675691667,0.00503214,6.12E-05,0.011033333,9.43E-05,2.80E-06,5.366916667,0.059871833,0.008358741,6.4002,0.06179377,-0.002446154,29.19166667,0.301270458,0.080769231,80.25,2.80252862,0.793706294,7.397347437,0.848262994
Spoiled,2.622841667,0.03212757,0.004631818,19.51593333,0.22998345,-0.054811189,0.679775,0.007121695,0.001182168,0.011066667,7.45E-05,-2.53E-19,5.393983333,0.038641382,-0.002062238,6.383925,0.065280486,-0.012335315,29.425,0.136167789,0.031818182,83.08333333,2.177855724,0.618881119,7.242610376,0.851346674
Spoiled,2.651025,0.04958577,0.012305245,19.39001667,0.123362176,-0.002664336,0.686875,0.011667414,0.003151399,0.011108333,0.000125554,2.83E-05,5.399883333,0.041369752,0.00290979,6.362108333,0.05335645,-0.002159091,29.575,0.123322072,0.02972028,85.16666667,1.624465724,0.447552448,7.161310835,0.847633881
Spoiled,2.680958333,0.026992729,0.003766084,19.26711667,0.211604839,-0.043062937,0.689575,0.008645724,-0.000488462,0.011266667,0.000169967,4.62E-05,5.423366667,0.029722644,0.00594965,6.36185,0.02227695,0.003167832,29.74166667,0.201900691,0.056293706,86.66666667,1.027402334,0.286713287,7.046687364,0.855059467
Spoiled,2.688508333,0.01696921,-0.003612937,19.08105,0.28556514,-0.077235664,0.688441667,0.009324382,-0.001924825,0.011341667,0.000189113,1.01E-05,5.427283333,0.026151158,-0.002312587,6.351133333,0.034457349,-0.008355245,29.95833333,0.201900691,0.054195804,87.58333333,0.759202798,0.199300699,7.018368184,0.860046725
Spoiled,2.689675,0.023780494,0.002864685,18.894475,0.178877207,-0.017262587,0.679766667,0.006198297,-0.000947552,0.011441667,0.000287107,1.22E-05,5.435183333,0.025568139,-0.000502797,6.33495,0.030441186,-0.00611049,30.13333333,0.169967317,0.038461538,88.25,0.595119036,0.129370629,6.987224876,0.863190019
Spoiled,2.671341667,0.039560133,-0.003491259,18.92845833,0.322879207,0.053547203,0.670866667,0.012919322,-0.003034266,0.011358333,0.000434853,1.08E-05,5.489975,0.095554288,0.025313636,6.395916667,0.119147366,0.029352448,30.29166667,0.160511336,0.036713287,89,0.816496581,0.202797203,7.248700009,0.853715614
Spoiled,2.624816667,0.10783478,-0.021444056,18.70965833,0.607311438,-0.079596154,0.6345,0.053228752,-0.012665035,0.011041667,0.000633059,-0.000106643,5.5061,0.15988535,-0.005083916,6.425158333,0.174656894,0.002682867,30.44166667,0.189113429,0.05,89.66666667,0.745355992,0.167832168,7.426486851,0.842747005
Spoiled,2.452441667,0.21143755,-0.055196853,18.196925,0.855439085,-0.20888007,0.546166667,0.109566253,-0.030364336,0.010666667,0.000528099,-7.55E-05,5.209483333,0.51361872,-0.133387413,6.144366667,0.522397045,-0.134478322,30.7,0.261406452,0.072027972,90.66666667,0.849836586,0.20979021,8.212062529,0.818766067
Spoiled,2.267258333,0.217128382,-0.057258392,17.55319167,0.544316235,-0.122145804,0.4565,0.09247916,-0.023455245,0.010725,0.000516599,0.000112937,4.721425,0.584458302,-0.161287762,5.616491667,0.628375259,-0.175218531,31,0.313581462,0.088811189,91.41666667,0.953793595,0.227272727,8.142890724,0.834904999
Spoiled,2.150208333,0.07827564,-0.000480769,17.27880833,0.135790387,0.003634615,0.411433333,0.034811931,0.00326014,0.011025,0.000530919,0.000110839,4.323666667,0.239012571,-0.040552448,5.184475,0.275864804,-0.049590559,31.29166667,0.225308431,0.061888112,92.33333333,0.623609564,0.13986014,7.784555217,0.834761133
Spoiled,2.1915,0.104272791,0.029508392,17.31918333,0.161548196,0.029862937,0.44255,0.050068312,0.01433007,0.0113,0.000380789,-2.10E-05,4.303075,0.151944075,0.042221329,5.146841667,0.173670236,0.048668881,31.49166667,0.132024829,0.036013986,92.91666667,0.640095479,0.143356643,7.435938168,0.843385855
Spoiled,2.263583333,0.067027753,0.014281119,17.21241667,0.289420829,-0.050509091,0.488625,0.03934834,0.010838811,0.010891667,0.000621099,-0.000124825,4.50585,0.22081586,0.063104196,5.376441667,0.252015292,0.07116049,31.60833333,0.09537936,0.025524476,93.5,0.5,0.125874126,7.275010881,0.834320525
Spoiled,2.290283333,0.031447968,-0.004634266,17.042875,0.314601926,-0.074428322,0.514908333,0.014600026,0.002085664,0.010466667,0.000604612,-0.000148252,4.689033333,0.160630769,0.041165734,5.583091667,0.183990876,0.045551399,31.55,0.21408721,-0.03986014,94.16666667,0.687184271,0.181818182,7.438921648,0.849406893
Spoiled,2.222108333,0.101004764,-0.022534615,16.65398333,0.337011834,-0.074394406,0.474,0.083848156,-0.017923077,0.010025,0.000147902,-3.25E-05,4.768925,0.077786558,0.000776573,5.66585,0.105551847,-0.000339161,31.41666667,0.276385399,-0.063636364,94.66666667,0.471404521,0.111888112,7.811028141,0.842805
Spoiled,2.175883333,0.08924554,-0.014186713,16.54333333,0.279053323,-0.033482517,0.432066667,0.07996783,-0.014786014,0.009983333,0.000106719,8.39E-06,4.797183333,0.065592096,0.006318182,5.68795,0.070750318,0.002472727,31.35,0.221735578,0.011188811,94.91666667,0.276385399,-0.038461538,7.588291831,0.846708453
Spoiled,2.165675,0.080619922,0.013616434,16.53786667,0.277594943,0.057420979,0.40865,0.058965689,0.006869231,0.010083333,0.000199304,5.10E-05,4.829725,0.087430774,0.020249301,5.720766667,0.098306717,0.022957343,31.46666667,0.22852182,0.05034965,94.33333333,0.849836586,-0.216783217,7.468496427,0.844762269
Spoiled,2.206083333,0.043659055,0.009911888,16.70584167,0.138871808,0.028384266,0.433316667,0.027854648,0.007102098,0.010575,0.000613901,0.000163986,4.836466667,0.085224902,-0.011362937,5.732116667,0.088753139,-0.010032867,31.625,0.101036297,0.025524476,93.66666667,0.849836586,-0.216783217,7.545356027,0.837349505
Spoiled,2.2166,0.02925161,-0.004855944,16.71680833,0.13077639,-0.019685664,0.44945,0.008910621,0.00021958,0.011041667,0.000608904,0.000140909,4.760341667,0.129250064,-0.036983566,5.662108333,0.132121311,-0.038005944,31.69166667,0.02763854,0.003846154,93.08333333,0.276385399,-0.038461538,7.618409004,0.836386955
Spoiled,2.21575,0.028245604,0.000898601,16.75038333,0.17466255,0.019451049,0.448266667,0.006577656,-0.001213986,0.011325,0.000402337,-1.57E-05,4.62425,0.117430636,-0.033466434,5.514375,0.123440992,-0.035398951,31.7,0,1.43E-16,93.25,0.433012702,0.087412587,7.59222306,0.836341255
Spoiled,2.21325,0.028667301,0.004333566,16.76166667,0.192134525,0.028475524,0.449791667,0.009422797,0.000902448,0.011316667,0.000489614,-2.52E-05,4.517358333,0.086385757,-0.023351399,5.39705,0.098970353,-0.026986014,31.73333333,0.047140452,0.011188811,93.41666667,0.493006649,0.052447552,7.584043374,0.835865345
Spoiled,2.213333333,0.032287777,-0.005313986,16.80020833,0.172447883,-0.021462587,0.445216667,0.012066471,-0.001499301,0.010908333,0.000643504,-0.000117133,4.429175,0.070966332,-0.018922028,5.30185,0.069118479,-0.018165035,31.73333333,0.047140452,-2.35E-16,93.75,0.433012702,0.024475524,7.605409307,0.827482235
Spoiled,2.199941667,0.028510772,-0.004606643,16.76654167,0.129418716,-0.00655,0.438925,0.016130154,-0.004201748,0.010558333,0.000661385,-0.000156993,4.351091667,0.081490873,-0.021891958,5.219916667,0.076237828,-0.020853846,31.73333333,0.047140452,-0.011188811,93.83333333,0.372677996,0.048951049,7.744229881,0.826820165
Spoiled,2.170491667,0.03463494,-0.006871678,16.738675,0.102675745,0.002037413,0.418283333,0.017293536,-0.004663636,0.010108333,0.000111492,-2.90E-05,4.24895,0.105260775,-0.029570629,5.105225,0.120560954,-0.034357692,31.7,0,1.43E-16,94,0,-7.86E-16,7.892457371,0.833204192
Spoiled,2.13705,0.048679984,-0.013852448,16.7275,0.0817779,-0.017399301,0.398258333,0.023079264,-0.006587762,0.01005,8.66E-05,-6.29E-06,4.131333333,0.119679331,-0.03418951,4.95785,0.147048935,-0.042527972,31.7,0,1.43E-16,94.33333333,0.471404521,0.111888112,8.073289029,0.836770234
Spoiled,2.062616667,0.072306003,-0.02032028,16.53181667,0.243211505,-0.063441259,0.367791667,0.027040817,-0.007666783,0.010033333,7.45E-05,8.39E-06,3.986508333,0.127968586,-0.036721329,4.757866667,0.183936816,-0.052772727,31.70833333,0.02763854,0.003146853,94.66666667,0.471404521,0.111888112,8.283415837,0.85505355
Spoiled,1.992133333,0.071146988,-0.019865035,16.32635833,0.252629166,-0.067166783,0.340875,0.025593949,-0.007205245,0.010066667,9.43E-05,9.79E-06,3.847191667,0.124091011,-0.035672378,4.550966667,0.195682538,-0.056452448,31.73333333,0.047140452,0.009090909,95,0,4.01E-15,8.394543542,0.861652368
Spoiled,1.946433333,0.025437713,-0.003469231,16.18556667,0.11209291,-0.003345455,0.323183333,0.009565723,-0.001784615,0.010141667,0.000125554,2.62E-05,3.743016667,0.068112258,-0.01758042,4.38045,0.11969442,-0.031378322,31.75,0.05,0.002097902,95,0,4.01E-15,8.283415837,0.861054152
Spoiled,1.9407,0.017390035,0.002937063,16.19078333,0.097472935,0.008478322,0.319591667,0.004774491,0.000786364,0.010208333,0.000103749,1.71E-05,3.6917,0.025713842,-0.004813287,4.287366667,0.052058674,-0.011355944,31.75833333,0.049300665,-0.002447552,95,0,4.01E-15,8.273694387,0.869149794
Spoiled,1.94415,0.012164874,-0.001737762,16.19605,0.088297815,-0.013655245,0.3212,0.00284605,5.10E-05,0.010408333,0.000278263,5.63E-05,3.657675,0.0411506,-0.009983566,4.221566667,0.06809577,-0.017111888,31.76666667,0.047140452,0.005594406,95,0,4.01E-15,8.385384292,0.874874236
Spoiled,1.933041667,0.01989625,-0.004812238,16.14828333,0.101618345,-0.01731958,0.316516667,0.007927046,-0.002070629,0.010375,0.000319179,-4.55E-06,3.621508333,0.046186586,-0.011870979,4.143908333,0.088611817,-0.024488462,31.75833333,0.049300665,-0.001748252,95,0,4.01E-15,8.397670983,0.885649506
Spoiled,1.918425,0.014919234,-0.003417832,16.06888333,0.105029867,-0.019696503,0.31115,0.00714557,-0.001561538,0.010291667,0.000368462,-7.45E-05,3.593766667,0.024826241,-0.001821678,4.082733333,0.047906564,-0.008103497,31.75,0.05,-0.009090909,95,0,4.01E-15,8.361542493,0.881591164
Spoiled,1.911525,0.01277831,-0.000412238,16.00574167,0.116825878,-0.020159091,0.306733333,0.002954469,1.68E-05,0.01005,0.00015,-2.73E-05,3.58895,0.014664839,0.002193007,4.057758333,0.018740262,0.002544406,31.75,0.05,0.007692308,95,0,4.01E-15,8.319453072,0.885902386
Spoiled,1.910858333,0.014443479,0.000162587,15.989775,0.088489972,0.006182168,0.305158333,0.003781415,-0.000688462,0.009991667,2.76E-05,1.05E-06,3.581858333,0.021584387,-0.004268881,4.032208333,0.051008896,-0.011822028,31.78333333,0.05527708,0.011188811,95,0,4.01E-15,8.469972359,0.901858793
Spoiled,1.902716667,0.019943664,-0.003625874,15.99501667,0.087066017,0.006338462,0.298641667,0.008828407,-0.002444406,0.010033333,0.00010274,2.17E-05,3.554816667,0.035553711,-0.010111189,3.964858333,0.083941373,-0.024113636,31.83333333,0.047140452,0.00979021,95,0,4.01E-15,8.503401356,0.910208333
Spoiled,1.891841667,0.019834501,-0.004552797,16.03699167,0.065595737,-0.002008741,0.291608333,0.007804108,-0.001987762,0.010391667,0.000517137,0.000129021,3.523141667,0.028025211,-0.007637413,3.877466667,0.073253138,-0.020948951,31.86666667,0.047140452,0.00979021,95,0,4.01E-15,8.536989791,0.925635593
Spoiled,1.888383333,0.013212925,0.002165734,16.07940833,0.100893743,0.021123427,0.288991667,0.004568271,0.000664685,0.010916667,0.000642694,0.000176923,3.505625,0.010031461,-0.001117832,3.817408333,0.036886977,-0.009517832,31.89166667,0.02763854,0.003846154,95,0,4.01E-15,8.49153693,0.925419974
Spoiled,1.899266667,0.017238684,0.004276224,16.169575,0.108300563,0.024968182,0.291575,0.004840992,0.001057692,0.011383333,0.000328718,6.08E-05,3.501025,0.01640788,-0.000616434,3.786666667,0.021747771,-0.00420979,31.9,7.11E-15,7.23E-16,95,0,4.01E-15,8.49153693,0.926251709
Spoiled,1.906033333,0.011066039,-0.00012028,16.23334167,0.079508453,0.010687762,0.292475,0.003964872,-0.000627622,0.011516667,0.000114261,-1.47E-05,3.501041667,0.019097271,-0.000818531,3.757833333,0.036145155,-0.00877972,31.9,7.11E-15,7.23E-16,95,0,4.01E-15,8.564917268,0.944983034
Spoiled,1.907433333,0.01456905,-0.001648951,16.314075,0.136529051,0.013005245,0.289258333,0.005157108,-0.001435315,0.011508333,0.000155233,1.75E-06,3.518558333,0.03478588,0.006651399,3.733066667,0.039288597,-0.007912587,31.9,7.11E-15,7.23E-16,95,0,4.01E-15,8.604644978,0.972371303
Spoiled,1.893191667,0.019850166,-0.00343042,16.29275833,0.150895325,-0.006954196,0.2826,0.005907058,-0.00158951,0.011425,0.000334477,-3.85E-06,3.502475,0.046604222,-0.004426224,3.661891667,0.076808077,-0.018112937,31.925,0.04330127,0.009440559,95,0,4.01E-15,8.672831628,0.977421991
Spoiled,1.879108333,0.026115751,-0.005436014,16.2983,0.167788071,-0.014535664,0.272825,0.010726457,-0.002903147,0.011316667,0.000423937,-4.06E-05,3.473975,0.062711351,-0.015781469,3.571891667,0.113286337,-0.031389161,31.95833333,0.049300665,0.012237762,95,0,4.01E-15,8.741656033,0.994290375
Spoiled,1.8557,0.020978004,-0.004395105,16.1858,0.139091553,-0.013938462,0.263241667,0.009194152,-0.002371678,0.011291667,0.000444332,3.74E-05,3.39035,0.063532085,-0.016697203,3.435975,0.105534924,-0.029763287,32,0.040824829,0.006993007,95,0,4.01E-15,8.764353273,1.003870135
Spoiled,1.831566667,0.027274388,-0.006421678,16.01816667,0.265310382,-0.066295804,0.254408333,0.005719478,-0.001406643,0.011191667,0.000469855,-2.90E-05,3.326416667,0.067375426,-0.017978322,3.331691667,0.085435936,-0.023298252,32.00833333,0.049300665,-0.00034965,95,0,4.01E-15,8.663997344,1.007832417
Spoiled,1.815291667,0.019329876,-0.003284266,15.86515833,0.187878039,-0.03390035,0.250891667,0.003876953,-0.000815035,0.011033333,0.000498888,-9.23E-05,3.257966667,0.045660401,-0.01158951,3.240975,0.059271608,-0.016362587,32.06666667,0.094280904,0.017482517,95,0,4.01E-15,8.72739718,1.020684623
Spoiled,1.827216667,0.035863371,0.008362238,15.929625,0.300481777,0.063749301,0.252241667,0.005598878,0.001088462,0.011075,0.000511737,5.28E-05,3.238591667,0.028600305,-0.000888462,3.199333333,0.037087494,-0.007966434,32.125,0.101036297,0.022727273,95,0,4.01E-15,8.613728125,1.024813658
Spoiled,1.847341667,0.032259713,0.006173776,16.02840833,0.249780632,0.022596154,0.258083333,0.007613347,0.001951049,0.01135,0.000576628,0.000123077,3.240725,0.030213825,0.006675175,3.209308333,0.052900905,0.011768881,32.19166667,0.02763854,0.003846154,95,0,4.01E-15,8.613728125,0.99159867
Spoiled,1.862941667,0.018666657,-0.001907343,16.04428333,0.252895554,-0.050087413,0.26505,0.005879838,0.001216084,0.011625,0.000408503,-2.62E-05,3.263066667,0.024820433,0.00256993,3.262008333,0.06642603,0.017043007,32.20833333,0.02763854,0.003846154,95,0,4.01E-15,8.487376624,0.976125717
Spoiled,1.861591667,0.016855091,0.000578671,15.89103333,0.171040601,-0.024576224,0.271766667,0.007030094,0.001626573,0.011666667,0.000430762,-9.09E-06,3.28035,0.036158597,0.004702797,3.327483333,0.051746092,0.012688811,32.24166667,0.064009548,0.013636364,95,0,4.01E-15,8.412543737,0.979301767
Spoiled,1.8616,0.017470737,0.000726573,15.75624167,0.190972421,-0.034062587,0.274133333,0.005692295,0.000500699,0.011358333,0.000537678,-7.73E-05,3.286825,0.036150314,0.000683566,3.378708333,0.050242453,0.011043007,32.3,0.081649658,0.02027972,95,0,4.01E-15,8.382298871,0.960069598
Spoiled,1.86225,0.016548842,-0.000544056,15.68360833,0.155621193,-0.018068881,0.274,0.004798958,-0.001113986,0.011033333,0.000590668,-0.000143357,3.278275,0.041661476,-0.004849301,3.386708333,0.047269872,-0.001645105,32.35833333,0.064009548,0.013636364,95,0,4.01E-15,8.373578859,0.963698308
Spoiled,1.8785,0.030279366,0.007018881,15.72491667,0.163054903,0.040167832,0.273108333,0.004048757,0.000454895,0.01065,0.000278388,-4.41E-05,3.274916667,0.029408837,0.000976923,3.39935,0.042701181,-0.000871329,32.39166667,0.02763854,0.003846154,95,0,4.01E-15,8.250825078,0.963554463
Spoiled,1.909308333,0.04170972,0.011878671,15.91786667,0.224721243,0.063513986,0.277291667,0.007313624,0.002073776,0.010558333,4.93E-05,1.22E-05,3.269558333,0.03078326,0.002366783,3.374008333,0.043500277,0.000142308,32.4,7.11E-15,1.17E-15,95,0,4.01E-15,8.241117781,0.979834462
Spoiled,1.940091667,0.02379732,0.004293357,16.038075,0.18932606,0.004816434,0.285558333,0.007658814,0.002201049,0.010633333,0.00010274,2.17E-05,3.26425,0.035222945,-0.007618881,3.361558333,0.051387652,-0.011980769,32.425,0.04330127,0.007342657,95,0,4.01E-15,8.179540919,0.968337095
Spoiled,1.960458333,0.018188067,0.002629021,16.13323333,0.189203142,0.003802098,0.294308333,0.007288742,0.002065385,0.010966667,0.000473169,0.00012028,3.249283333,0.034108059,-0.002874825,3.339816667,0.044691775,-0.000131469,32.45833333,0.049300665,0.01013986,95,0,4.01E-15,8.234332421,0.959624796
Spoiled,1.971908333,0.020801821,0.004179371,16.21366667,0.235541809,0.044907692,0.299233333,0.004146551,0.000841259,0.01115,0.000409268,5.31E-05,3.270933333,0.05317735,0.012293706,3.388908333,0.089205628,0.022961888,32.49166667,0.02763854,0.001748252,95,0,4.01E-15,8.263401151,0.950756828
Spoiled,2.0209,0.060022038,0.014772727,16.40039167,0.152146664,0.042796853,0.322325,0.032978152,0.007581469,0.011441667,0.000390424,1.78E-05,3.360733333,0.114307329,0.032144056,3.559075,0.214148049,0.059216434,32.50833333,0.02763854,0.003846154,95,0,4.01E-15,7.760567332,0.901372841
Spoiled,2.083475,0.077537584,0.021345804,16.61860833,0.202387201,0.056009441,0.346625,0.036593103,0.009327622,0.011216667,0.000409946,-2.38E-05,3.491016667,0.130464579,0.037137063,3.794991667,0.240935761,0.067823427,32.55833333,0.07592028,0.019230769,95,0,4.01E-15,7.805885054,0.89573865
Spoiled,2.1219,0.045107704,0.00175035,16.73399167,0.190028342,0.029255594,0.377633333,0.022962663,0.004811888,0.011058333,0.000483836,-9.48E-05,3.600666667,0.080588805,0.020765035,4.01025,0.159087358,0.042434266,32.18333333,0.886785706,-0.162237762,94.83333333,0.372677996,-0.06993007,8.097932688,0.865395057
Spoiled,2.158691667,0.048009556,0.004761888,17.17965833,0.550784222,0.128028322,0.409441667,0.038483838,0.010370979,0.0108,0.000141421,-1.40E-05,3.706258333,0.086512865,0.022725524,4.239641667,0.208412529,0.056612238,30.81666667,1.902556759,-0.516083916,92.25,3.722118572,-0.940559441,8.194550088,0.834904436
Spoiled,2.192158333,0.070599297,0.018123427,17.89041667,0.947631901,0.269927972,0.458841667,0.05594991,0.016120629,0.010766667,0.00010274,1.19E-05,3.792883333,0.10197618,0.027967133,4.463683333,0.249511058,0.070056643,28.9,2.00333056,-0.56013986,88.08333333,5.07376148,-1.43006993,8.517920194,0.826724998
